Bal,Brick,Distance,District,Floor,Kitsp,Livesp,Metrdist,N,New,Nfloors,Price,Rooms,Tel,Totsp,Walk
0.0,,1.4521628296176634,CAD,2,15.0,89.0,11.0,0,0,4.0,55000000,4,1.0,117.0,1.0
,1.0,1.7369580241346667,CAD,2,12.0,94.0,10.0,1,0,7.0,55000000,5,1.0,145.0,1.0
1.0,1.0,1.7509235061715505,CAD,3,7.0,30.0,3.0,2,0,8.0,15400000,2,,46.0,1.0
,1.0,2.715960619318065,CAD,2,40.0,162.0,7.0,3,0,14.0,2500000,5,0.0,232.0,1.0
,1.0,4.194866379577078,CAD,9,15.0,35.0,5.0,4,0,11.0,3750000,2,,70.0,1.0
0.0,,4.053447401245967,CAD,3,,22.7,6.0,5,1,,4403057,1,,22.7,1.0
0.0,,4.053447401245967,CAD,2,,17.3,6.0,6,1,,4585315,1,,17.3,1.0
0.0,1.0,4.098313006603268,CAD,2,,17.3,5.0,7,0,6.0,4677021,1,0.0,17.3,1.0
,1.0,4.053447401245967,CAD,2,,10.0,6.0,8,1,5.0,4814581,1,,17.3,1.0
,,4.502357218918185,CAD,1,7.0,20.0,3.0,9,0,9.0,5100000,1,1.0,32.0,1.0
0.0,,4.053447401245967,CAD,5,,18.3,6.0,10,1,,5377566,1,,18.3,1.0
,1.0,4.053447401245967,CAD,5,,10.0,6.0,11,1,5.0,5377566,1,,18.3,1.0
0.0,,4.053447401245967,CAD,2,,23.7,6.0,12,1,,5496232,1,,23.7,1.0
0.0,1.0,4.098313006603268,CAD,2,,23.7,5.0,13,0,6.0,5606157,1,0.0,23.7,1.0
,,5.9303906707288245,CAD,1,10.0,20.0,13.0,14,0,12.0,6000000,1,,35.0,1.0
,1.0,5.007048377373371,CAD,5,6.0,20.0,10.0,15,0,5.0,6000000,1,,32.0,1.0
,1.0,4.053447401245967,CAD,4,,15.0,6.0,16,1,4.0,6258687,1,,25.5,1.0
0.0,,4.053447401245967,CAD,2,,32.6,6.0,17,1,,6285999,1,,32.6,1.0
,1.0,4.053447401245967,CAD,3,,17.0,6.0,18,1,4.0,6325576,1,,30.0,1.0
0.0,1.0,4.053447401245967,CAD,3,29.5,0.0,5.0,19,1,4.0,6325576,1,,29.5,1.0
1.0,,6.185894636022751,CAD,2,10.0,18.0,10.0,20,0,12.0,6400000,1,1.0,34.0,1.0
,1.0,4.053447401245967,CAD,3,,18.0,6.0,21,1,4.0,6437035,1,,33.5,1.0
0.0,,4.053447401245967,CAD,4,,29.5,6.0,22,1,,6449418,1,,29.5,1.0
,1.0,4.053447401245967,CAD,4,,16.0,6.0,23,1,4.0,6449418,1,,28.5,1.0
0.0,1.0,4.0756791096963285,CAD,3,,29.5,5.0,24,0,6.0,6452087,1,0.0,29.5,1.0
0.0,,4.053447401245967,CAD,3,,28.2,6.0,25,1,,6467402,1,,28.2,1.0
1.0,1.0,4.19281585366573,CAD,5,5.6,18.6,10.0,26,0,5.0,6500000,1,1.0,30.7,1.0
1.0,1.0,4.680353994241609,CAD,5,5.6,20.2,5.0,27,0,9.0,6550000,1,,33.1,1.0
1.0,,1.419474804745054,CAD,2,15.0,45.0,7.0,28,0,8.0,90000000,2,,114.2,1.0
,,1.419474804745054,CAD,7,,0.0,7.0,29,0,8.0,240186980,3,,183.7,1.0
,,5.012951372747482,CAD,47,,145.0,4.0,30,0,73.0,85201116,3,,182.0,1.0
1.0,1.0,4.680353994241609,CAD,5,6.0,18.0,5.0,31,0,9.0,6550000,2,,33.1,1.0
0.0,1.0,5.081396917079152,CAD,4,5.4,17.0,10.0,32,0,5.0,6790000,1,0.0,27.0,1.0
1.0,1.0,4.726545069173114,CAD,4,7.0,19.0,15.0,33,0,5.0,6800000,1,0.0,31.0,1.0
1.0,,4.346056488332603,CAD,9,8.0,17.0,9.0,34,0,12.0,6850000,1,,32.0,1.0
0.0,,4.053447401245967,CAD,1,,26.1,6.0,35,1,,6889007,1,,26.1,1.0
0.0,,4.053447401245967,CAD,1,,25.4,6.0,36,1,,6889376,1,,25.4,1.0
1.0,0.0,2.561433234980412,CAD,3,9.0,19.0,5.0,37,0,16.0,6900000,1,,34.0,1.0
1.0,1.0,5.970895818188223,CAD,4,8.0,20.0,10.0,38,0,6.0,6900000,1,1.0,36.0,1.0
0.0,,4.053447401245967,CAD,3,,28.7,6.0,39,1,,6929285,1,,28.7,1.0
1.0,0.0,2.561433234980412,CAD,8,,0.0,5.0,40,0,16.0,6934500,1,,34.0,1.0
,1.0,4.696812509888295,CAD,2,5.5,22.0,10.0,41,0,9.0,7000000,2,0.0,35.0,1.0
0.0,1.0,4.324503864002741,CAD,2,6.0,18.0,4.0,42,0,9.0,7000000,1,0.0,31.0,1.0
0.0,1.0,4.696812509888295,CAD,2,6.0,24.0,10.0,43,0,9.0,7000000,2,1.0,38.0,1.0
,1.0,4.3857062440327415,CAD,3,,27.8,,44,1,19.0,7021000,2,,41.3,
1.0,0.0,2.561433234980412,CAD,8,9.0,19.0,5.0,45,0,16.0,7079400,1,,34.0,1.0
1.0,,4.8913603149601546,CAD,10,9.0,20.0,10.0,46,0,12.0,7200000,1,,35.0,1.0
,,5.081396917079152,CAD,4,,25.0,12.0,47,0,5.0,7200000,1,,27.0,1.0
,1.0,4.3857062440327415,CAD,6,,27.8,,48,1,19.0,7210000,2,,41.2,
1.0,0.0,5.041147111304926,CAD,2,6.5,29.0,15.0,49,0,5.0,7290000,2,0.0,47.0,1.0
1.0,0.0,3.5379890403703826,CAD,3,6.5,21.0,5.0,50,0,9.0,7300000,1,,33.3,1.0
0.0,1.0,4.0756791096963285,CAD,3,,33.6,5.0,51,0,6.0,7364556,1,0.0,33.6,1.0
1.0,0.0,5.0824340341015,CAD,5,6.0,24.0,15.0,52,0,14.0,7500000,2,,40.0,1.0
1.0,1.0,4.113291170444763,CAD,8,5.0,21.0,13.0,53,0,9.0,7500000,2,1.0,36.0,1.0
0.0,,4.053447401245967,CAD,4,,33.0,6.0,54,1,,7584028,1,,33.0,1.0
1.0,1.0,5.058893019492733,CAD,6,6.0,24.0,10.0,55,0,9.0,7600000,2,1.0,38.0,0.0
1.0,1.0,2.5400280658675705,CAD,7,14.4,19.7,7.0,56,0,9.0,30000000,1,1.0,45.2,1.0
1.0,1.0,2.8685499837086064,CAD,3,15.0,50.0,3.0,57,0,10.0,42000000,3,1.0,100.6,1.0
1.0,1.0,2.072984016967712,CAD,5,11.7,85.8,6.0,58,0,9.0,67800000,3,1.0,125.0,1.0
0.0,1.0,4.053447401245967,CAD,2,47.1,0.0,5.0,59,1,4.0,7757670,2,,47.1,1.0
,1.0,4.053447401245967,CAD,4,,18.0,6.0,60,1,4.0,7764334,1,,32.2,1.0
,1.0,4.053447401245967,CAD,3,,0.0,9.0,61,1,6.0,7787802,1,,32.2,1.0
1.0,1.0,4.341212850175077,CAD,5,6.5,30.0,8.0,62,0,5.0,7800000,2,1.0,45.0,1.0
1.0,0.0,3.45925371887337,CAD,3,6.0,21.0,4.0,63,0,5.0,7800000,1,,32.0,1.0
1.0,1.0,4.427152994505404,CAD,7,6.0,20.0,13.0,64,0,9.0,7800000,1,1.0,31.0,1.0
,1.0,2.011128616868485,CAD,3,4.0,15.0,4.0,65,0,5.0,7850000,1,,24.0,1.0
1.0,1.0,4.434283456158278,CAD,5,5.6,29.2,7.0,66,0,5.0,7850000,2,,43.4,1.0
1.0,0.0,3.5283017384014594,CAD,10,10.0,20.0,10.0,67,0,17.0,7900000,1,,36.0,1.0
,0.0,2.826112796994886,CAD,2,6.0,21.5,3.0,68,0,9.0,7900000,1,,32.2,1.0
0.0,,4.053447401245967,CAD,2,,28.0,6.0,69,1,,7989174,1,,28.0,1.0
1.0,1.0,6.066464797161535,CAD,4,6.0,28.0,5.0,70,0,5.0,8000000,2,1.0,42.0,0.0
2.0,1.0,4.759002859659786,CAD,2,9.0,20.0,15.0,71,0,14.0,8000000,1,1.0,37.0,0.0
0.0,1.0,3.5686380440288743,CAD,1,9.0,31.0,7.0,72,0,5.0,8000000,2,0.0,57.0,1.0
2.0,1.0,4.9659708589015,CAD,5,8.2,17.0,13.0,73,0,14.0,8000000,1,,38.5,1.0
,0.0,4.366204052973648,CAD,2,9.0,15.0,7.0,74,0,17.0,8000000,1,1.0,35.0,0.0
0.0,1.0,4.098313006603268,CAD,2,,29.0,5.0,75,0,6.0,8021155,1,0.0,29.0,1.0
0.0,,4.053447401245967,CAD,2,,55.2,6.0,76,1,,8081363,1,,55.2,1.0
,1.0,4.053447401245967,CAD,2,,30.0,6.0,77,1,5.0,8081363,2,,55.2,1.0
,1.0,4.053447401245967,CAD,2,,25.0,6.0,78,1,5.0,8081363,1,,55.2,1.0
1.0,1.0,4.795853593019574,CAD,2,6.0,26.0,5.0,79,0,8.0,8100000,2,,40.0,0.0
0.0,,4.053447401245967,CAD,2,,39.8,6.0,80,1,,8112552,1,,39.8,1.0
,1.0,4.3857062440327415,CAD,8,,23.4,,81,1,19.0,8148000,2,,42.0,
1.0,0.0,2.7990728262149758,CAD,3,6.0,40.0,5.0,82,0,5.0,8150000,3,0.0,56.0,1.0
,1.0,3.7284010046966727,CAD,3,,20.0,7.0,83,1,44.0,8157500,1,,43.0,1.0
,,2.1152150629480264,CAD,12,,180.0,5.0,84,0,13.0,220554505,5,,330.0,1.0
,,2.4211891828218137,CAD,2,,56.0,10.0,85,1,11.0,51314308,2,,79.5,1.0
,1.0,1.614217210425044,CAD,2,,0.0,10.0,86,1,7.0,83071088,2,,117.0,1.0
0.0,,4.053447401245967,CAD,2,,40.8,6.0,87,1,,8168388,1,,40.8,1.0
2.0,1.0,4.811680911810552,CAD,2,8.5,20.0,15.0,88,0,5.0,8200000,1,1.0,40.0,1.0
0.0,,4.053447401245967,CAD,5,,30.6,6.0,89,1,,8230204,1,,30.6,1.0
0.0,,4.053447401245967,CAD,4,,28.6,6.0,90,1,,8232146,1,,28.6,1.0
,0.0,2.9185661657439224,CAD,3,7.0,27.0,9.0,91,0,6.0,8300000,2,1.0,40.5,1.0
1.0,0.0,2.992711045408345,CAD,9,7.0,22.0,4.0,92,0,9.0,8300000,1,1.0,35.0,1.0
0.0,1.0,4.0756791096963285,CAD,2,,55.2,5.0,93,0,6.0,8323802,2,0.0,55.2,1.0
0.0,,4.053447401245967,CAD,1,,34.4,6.0,94,1,,8335196,1,,34.4,1.0
,1.0,3.0547202800290356,CAD,5,6.0,19.0,7.0,95,0,5.0,8400000,1,1.0,31.0,1.0
1.0,1.0,3.617815641820231,CAD,9,5.1,19.0,6.0,96,0,9.0,8400000,1,1.0,32.0,1.0
0.0,1.0,4.0756791096963285,CAD,2,,39.8,5.0,97,0,6.0,8437054,1,0.0,39.8,1.0
1.0,1.0,4.013580893719518,CAD,5,7.0,31.0,7.0,98,0,5.0,8500000,2,,47.0,1.0
1.0,0.0,3.6184364109761233,CAD,6,9.0,18.0,10.0,99,0,16.0,8500000,1,1.0,35.0,1.0
,0.0,3.9305994206327766,CAD,6,11.5,18.5,5.0,100,0,17.0,8500000,1,1.0,37.0,1.0
0.0,1.0,3.1613584025278345,CAD,1,5.0,26.6,7.0,101,0,9.0,8500000,2,0.0,42.0,1.0
1.0,0.0,5.657301301957415,CAD,1,12.0,37.0,18.0,102,0,13.0,8600000,2,,52.0,1.0
0.0,,4.053447401245967,CAD,4,,36.8,6.0,103,1,,8611226,1,,36.8,1.0
1.0,0.0,4.715849127307837,CAD,12,8.0,19.0,10.0,104,0,17.0,8700000,1,,39.0,1.0
1.0,1.0,3.823353554162726,CAD,4,5.5,28.0,6.0,105,0,5.0,8700000,2,0.0,41.0,0.0
1.0,0.0,2.322888260956285,CAD,3,6.0,18.0,9.0,106,0,5.0,8800000,1,1.0,30.0,1.0
1.0,,3.216240079862993,CAD,5,6.0,30.0,9.0,107,0,5.0,8800000,2,1.0,46.0,1.0
1.0,0.0,3.2897835457391578,CAD,6,10.0,20.0,5.0,108,0,12.0,8800000,1,1.0,35.0,1.0
1.0,1.0,3.0352315833409507,CAD,5,5.0,18.0,13.0,109,0,5.0,8800000,1,1.0,30.0,1.0
0.0,,4.053447401245967,CAD,2,,52.7,6.0,110,1,,8839861,1,,52.7,1.0
0.0,,4.053447401245967,CAD,2,,40.3,6.0,111,1,,8851913,1,,40.3,1.0
1.0,1.0,4.158010482401364,CAD,6,15.0,100.0,7.0,112,0,11.0,136322340,4,,147.0,1.0
1.0,1.0,1.5883979623850106,CAD,4,7.5,66.0,8.0,113,0,4.0,147233526,3,,117.0,1.0
,,2.4308319581419937,CAD,2,,0.0,15.0,114,0,8.0,237511020,4,,237.4,1.0
,1.0,4.424328348439161,CAD,1,10.0,23.0,3.0,115,0,3.0,8900000,1,1.0,39.0,1.0
1.0,0.0,3.9476873421236123,CAD,13,9.0,19.0,7.0,116,0,17.0,8900000,1,0.0,39.0,1.0
,,4.219248158914197,CAD,5,6.0,27.8,7.0,117,0,9.0,8900000,2,1.0,44.5,1.0
0.0,,4.053447401245967,CAD,3,,43.7,6.0,118,1,,8903736,1,,43.7,1.0
0.0,,4.053447401245967,CAD,4,,49.9,6.0,119,1,,8943624,1,,49.9,1.0
0.0,,4.053447401245967,CAD,4,,38.9,6.0,120,1,,8949981,1,,38.9,1.0
1.0,0.0,3.697890161639004,CAD,10,7.0,27.0,10.0,121,0,12.0,8990000,2,1.0,45.0,1.0
,,4.041966854428587,CAD,1,10.0,20.0,7.0,122,0,12.0,9000000,1,1.0,40.0,1.0
,0.0,2.9185661657439224,CAD,4,9.0,34.0,3.0,123,0,6.0,9000000,2,,54.0,1.0
1.0,0.0,3.8118754377102713,CAD,7,7.2,31.0,7.0,124,0,12.0,9000000,2,1.0,48.0,1.0
1.0,1.0,3.375711438645486,CAD,5,9.0,21.0,5.0,125,0,13.0,9000000,1,0.0,40.0,0.0
1.0,0.0,3.488305388959255,CAD,12,10.0,19.1,9.0,126,0,16.0,9100000,1,1.0,38.0,1.0
1.0,,4.541650952984172,CAD,6,6.0,29.3,15.0,127,0,12.0,9100000,2,1.0,45.0,1.0
0.0,,4.053447401245967,CAD,1,,42.6,6.0,128,1,,9173126,1,,42.6,1.0
1.0,0.0,2.2512060174993986,CAD,12,10.0,19.0,5.0,129,0,14.0,9200000,1,0.0,38.0,1.0
,1.0,2.7011681147829587,CAD,1,6.0,29.0,6.0,130,0,5.0,9200000,2,1.0,44.0,1.0
1.0,0.0,4.45613540989573,CAD,9,8.0,19.0,11.0,131,0,17.0,9200000,1,1.0,38.0,1.0
0.0,0.0,4.366204052973648,CAD,5,9.0,14.4,4.0,132,0,17.0,9200000,1,0.0,35.6,1.0
,0.0,2.548540951605648,CAD,7,8.0,15.0,7.0,133,0,8.0,9300000,1,,30.0,1.0
1.0,0.0,4.041966854428587,CAD,11,7.5,22.2,5.0,134,0,12.0,9300000,2,1.0,39.5,1.0
1.0,1.0,5.178912021040597,CAD,13,8.1,16.4,15.0,135,0,24.0,9300000,1,0.0,40.9,1.0
1.0,0.0,4.119050961785855,CAD,6,7.5,19.0,8.0,136,0,17.0,9300000,1,0.0,38.0,1.0
0.0,,4.053447401245967,CAD,2,,41.6,6.0,137,1,,9310992,1,,41.6,1.0
0.0,1.0,4.0756791096963285,CAD,3,,53.3,5.0,138,0,6.0,9391075,2,0.0,53.3,1.0
0.0,,4.053447401245967,CAD,4,,41.2,6.0,139,1,,9395149,1,,41.2,1.0
,1.0,1.093769757673568,CAD,2,7.0,25.0,2.0,140,0,10.0,16500000,2,1.0,41.0,1.0
,,2.1056241325830225,CAD,4,25.0,130.0,13.0,141,0,6.0,99000000,4,1.0,209.5,1.0
,1.0,2.569360421327654,CAD,6,1.0,123.6,6.0,142,0,17.0,125542554,5,1.0,205.0,1.0
1.0,,3.1852008487319696,CAD,3,9.0,20.0,9.0,143,0,12.0,9400000,1,,35.0,1.0
0.0,1.0,2.092067114856061,CAD,3,4.0,24.0,4.0,144,0,5.0,9500000,2,,33.0,1.0
1.0,1.0,3.25926671980105,CAD,3,6.0,29.0,9.0,145,0,5.0,9500000,2,1.0,43.0,1.0
1.0,1.0,3.465939296231637,CAD,4,6.8,29.0,15.0,146,0,5.0,9500000,2,1.0,45.0,1.0
1.0,1.0,4.085123425965876,CAD,3,7.8,30.0,8.0,147,0,8.0,9500000,2,1.0,46.0,1.0
1.0,0.0,3.1852008487319696,CAD,5,9.6,20.0,9.0,148,0,12.0,9500000,1,1.0,35.2,1.0
,1.0,3.950189556154329,CAD,1,5.7,38.5,12.0,149,0,5.0,9500000,2,0.0,55.0,1.0
1.0,0.0,6.014678031348541,CAD,13,7.4,19.0,15.0,150,0,17.0,9500000,1,0.0,38.0,1.0
,1.0,2.267328385185255,CAD,1,6.0,18.0,4.0,151,0,5.0,9500000,1,0.0,30.0,1.0
1.0,1.0,3.5586668339638132,CAD,9,9.0,18.0,11.0,152,0,9.0,9500000,1,,33.9,1.0
0.0,0.0,3.8204960904681324,CAD,6,10.0,20.0,5.0,153,0,18.0,9500000,1,0.0,38.5,1.0
1.0,0.0,3.682696564479012,CAD,10,6.9,22.0,6.0,154,0,16.0,9500000,1,1.0,34.8,1.0
,0.0,3.8638884127000956,CAD,2,6.0,23.0,5.0,155,0,9.0,9500000,2,1.0,38.0,1.0
1.0,0.0,3.66328866364631,CAD,2,6.0,31.0,6.0,156,0,5.0,9500000,2,1.0,45.0,1.0
0.0,1.0,4.098313006603268,CAD,2,,42.6,5.0,157,0,6.0,9543740,1,0.0,42.6,1.0
0.0,,4.053447401245967,CAD,5,,36.6,6.0,158,1,,9574472,1,,36.6,1.0
1.0,1.0,5.629400007042847,CAD,1,7.0,30.0,11.0,159,0,14.0,9700000,2,,50.0,1.0
1.0,0.0,3.493795602003,CAD,3,6.0,32.0,11.0,160,0,17.0,9700000,2,1.0,38.0,1.0
2.0,0.0,3.4994132002856126,CAD,2,7.4,29.0,7.0,161,0,12.0,9700000,2,1.0,47.4,1.0
1.0,1.0,6.083966954668788,CAD,6,5.5,42.0,8.0,162,0,9.0,9700000,3,1.0,58.0,1.0
1.0,1.0,4.506559522761182,CAD,5,14.0,19.0,7.0,163,0,7.0,9700000,1,0.0,36.4,1.0
,1.0,3.104784336033066,CAD,1,5.5,34.0,7.0,164,0,5.0,9700000,2,1.0,43.0,1.0
0.0,,4.053447401245967,CAD,5,,42.0,6.0,165,1,,9746690,1,,42.0,1.0
1.0,0.0,2.316011581243173,CAD,12,10.0,19.0,8.0,166,0,16.0,9750000,1,,37.9,1.0
,1.0,4.053447401245967,CAD,2,,0.0,9.0,167,1,6.0,9769141,1,,44.5,1.0
,,5.012951372747482,CAD,35,,150.0,1.0,168,0,76.0,96044894,3,0.0,186.0,1.0
,1.0,2.346105469918024,CAD,11,,78.0,3.0,169,1,12.0,91681800,3,,105.2,1.0
1.0,,5.28243496125344,CAD,2,9.0,64.5,15.0,170,0,5.0,13950000,4,1.0,88.0,1.0
0.0,,4.053447401245967,CAD,2,,44.5,6.0,171,1,,9769141,1,,44.5,1.0
1.0,0.0,4.117905294116822,CAD,6,11.6,28.2,5.0,172,0,12.0,9800000,2,,50.0,1.0
1.0,0.0,2.489287138813609,CAD,10,7.0,35.0,4.0,173,0,12.0,9800000,2,1.0,46.0,1.0
0.0,,4.053447401245967,CAD,1,,45.9,6.0,174,1,,9865843,1,,45.9,1.0
0.0,1.0,4.0756791096963285,CAD,3,,59.1,5.0,175,0,6.0,9886025,3,0.0,59.1,1.0
1.0,1.0,3.0331446631736267,CAD,10,9.1,19.5,3.0,176,0,14.0,9900000,1,,38.0,1.0
1.0,1.0,2.3723890747126033,CAD,1,7.0,32.0,15.0,177,0,9.0,9900000,2,1.0,44.6,1.0
1.0,1.0,3.4330182816780135,CAD,4,5.5,28.6,10.0,178,0,5.0,9900000,2,1.0,42.6,1.0
1.0,1.0,3.437758608707501,CAD,7,6.5,28.3,6.0,179,0,8.0,9900000,2,1.0,43.0,1.0
,1.0,2.8490359361373216,CAD,1,6.1,25.1,11.0,180,0,8.0,9900000,2,,41.0,1.0
1.0,1.0,3.4203908116085335,CAD,9,5.1,28.2,3.0,181,0,9.0,9900000,2,1.0,41.5,1.0
0.0,,4.053447401245967,CAD,1,,46.2,6.0,182,1,,9930382,1,,46.2,1.0
0.0,1.0,4.098313006603268,CAD,1,,46.2,5.0,183,0,6.0,9939006,2,0.0,46.2,1.0
,1.0,2.807584396054931,CAD,1,5.0,27.0,10.0,184,0,8.0,9950000,2,,40.0,1.0
0.0,1.0,4.098313006603268,CAD,5,,46.2,5.0,185,0,6.0,9963815,2,0.0,46.2,1.0
1.0,0.0,4.9708016581030945,CAD,7,6.0,30.0,10.0,186,0,9.0,9990000,2,1.0,46.0,1.0
1.0,0.0,2.6993274471252353,CAD,5,10.0,20.0,12.0,187,0,8.0,9990000,1,0.0,35.0,1.0
1.0,0.0,4.547682723957366,CAD,14,6.0,24.0,6.0,188,0,14.0,10000000,2,,39.0,1.0
1.0,0.0,5.9303906707288245,CAD,9,10.0,20.0,10.0,189,0,12.0,9999999,1,1.0,35.1,1.0
1.0,,4.370253528396564,CAD,5,9.8,18.6,7.0,190,0,17.0,10000000,1,1.0,38.5,1.0
1.0,0.0,3.5227029355739594,CAD,8,8.0,23.0,4.0,191,0,9.0,10000000,2,,38.0,1.0
1.0,0.0,5.009489117573686,CAD,3,6.0,28.0,12.0,192,0,12.0,10000000,2,1.0,40.0,1.0
1.0,0.0,4.178402887291533,CAD,7,9.0,32.0,14.0,193,0,14.0,10000000,2,1.0,48.0,1.0
1.0,0.0,3.203072259314587,CAD,4,6.0,23.0,11.0,194,0,14.0,10000000,2,1.0,38.0,1.0
,0.0,4.478924264418566,CAD,2,9.7,19.9,7.0,195,0,12.0,10000000,1,1.0,34.8,1.0
0.0,1.0,1.90204138395336,CAD,3,22.7,104.2,5.0,196,1,6.0,140670000,2,,104.2,0.0
1.0,,3.4231846262680574,CAD,4,13.4,110.0,13.0,197,0,6.0,35000000,5,,155.0,1.0
2.0,1.0,2.346105469918024,CAD,12,16.0,80.9,3.0,198,1,12.0,177450000,2,,129.0,1.0
1.0,,4.8253343048522845,CAD,5,6.0,28.0,9.0,199,0,9.0,10000000,2,0.0,43.0,1.0
1.0,0.0,2.561433234980412,CAD,8,11.0,28.0,5.0,200,0,16.0,10029600,2,,50.0,1.0
0.0,,4.053447401245967,CAD,4,,44.1,6.0,201,1,,10056458,1,,44.1,1.0
1.0,1.0,2.3723890747126033,CAD,1,7.0,32.0,11.0,202,0,9.0,10100000,2,1.0,44.6,1.0
1.0,1.0,2.3723890747126033,CAD,1,7.0,32.0,10.0,203,0,9.0,10100000,2,1.0,44.6,1.0
,,3.6817983519207833,CAD,20,,48.4,7.0,204,0,44.0,10200000,1,,48.4,1.0
1.0,1.0,2.9751137710557725,CAD,6,10.0,18.0,5.0,205,0,9.0,10250000,1,0.0,37.0,1.0
,1.0,3.6073827540268217,CAD,2,8.0,15.1,5.0,206,0,14.0,10290000,1,1.0,30.1,1.0
1.0,0.0,4.346056488332603,CAD,2,7.0,29.0,7.0,207,0,12.0,10300000,2,1.0,45.0,1.0
1.0,0.0,3.692223688295181,CAD,4,7.0,26.0,9.0,208,0,12.0,10300000,2,1.0,39.0,0.0
,1.0,2.581361517836832,CAD,2,9.5,15.8,8.0,209,0,7.0,10300000,1,1.0,37.6,1.0
0.0,,4.053447401245967,CAD,5,,44.3,6.0,210,1,,10301984,1,,44.3,1.0
1.0,0.0,2.561433234980412,CAD,13,11.0,28.0,5.0,211,0,16.0,10329300,2,,49.0,1.0
1.0,0.0,2.1108671259987504,CAD,3,7.0,17.5,5.0,212,0,10.0,10400000,1,1.0,33.0,1.0
1.0,0.0,2.489287138813609,CAD,6,7.0,28.0,4.0,213,0,12.0,10450000,2,1.0,46.0,1.0
0.0,,4.053447401245967,CAD,4,,46.0,6.0,214,1,,10485169,1,,46.0,1.0
,0.0,2.33414366758658,CAD,2,10.0,18.0,8.0,215,0,5.0,10488000,1,,38.0,1.0
1.0,1.0,2.6417301036418874,CAD,4,9.0,17.0,10.0,216,0,9.0,10490000,1,,37.0,0.0
1.0,,3.489626919055608,CAD,3,6.0,28.0,10.0,217,0,5.0,10500000,2,1.0,40.0,1.0
0.0,0.0,3.607982359909527,CAD,1,9.0,35.0,11.0,218,0,12.0,10500000,2,,47.0,1.0
1.0,0.0,3.7730300150456166,CAD,11,9.0,19.0,3.0,219,0,17.0,10500000,1,0.0,39.0,1.0
,,5.387444939689356,CAD,3,9.0,47.0,9.0,220,0,5.0,10500000,3,1.0,65.0,1.0
,,4.961665766672686,CAD,2,10.0,19.0,2.0,221,0,5.0,10500000,1,1.0,35.5,1.0
1.0,1.0,2.6417301036418874,CAD,1,9.0,17.0,10.0,222,0,9.0,10500000,1,1.0,37.0,1.0
1.0,,3.662197422004107,CAD,6,7.5,23.5,8.0,223,0,9.0,10500000,2,,38.0,1.0
1.0,1.0,2.9367704422758423,CAD,6,21.0,117.8,5.0,224,0,11.0,102596344,3,0.0,187.0,1.0
,1.0,3.275575145777728,CAD,2,15.0,50.0,10.0,225,1,7.0,23020800,2,,65.0,1.0
1.0,1.0,2.029015165668419,CAD,3,8.7,48.5,7.0,226,0,6.0,39000000,3,0.0,71.0,1.0
1.0,1.0,3.636669824425222,CAD,10,9.0,21.0,9.0,227,0,12.0,10500000,1,1.0,38.0,1.0
,,4.04080621493833,CAD,2,7.0,27.1,20.0,228,0,8.0,10500000,2,1.0,48.3,1.0
,1.0,4.053447401245967,CAD,3,,35.0,6.0,229,1,8.0,10598345,2,,61.5,1.0
1.0,1.0,2.7011681147829587,CAD,2,6.0,29.0,3.0,230,0,5.0,10600000,2,,44.0,1.0
,1.0,4.053447401245967,CAD,4,60.7,0.0,5.0,231,1,4.0,10661503,2,,60.7,1.0
0.0,,4.053447401245967,CAD,4,,60.7,6.0,232,1,,10661503,1,,60.7,1.0
1.0,1.0,2.9296428120205262,CAD,2,6.0,25.2,3.0,233,0,8.0,10700000,2,1.0,36.6,1.0
0.0,,4.053447401245967,CAD,4,,47.3,6.0,234,1,,10795300,1,,47.3,1.0
1.0,0.0,4.938961803762336,CAD,15,8.0,28.0,10.0,235,0,16.0,10800000,2,1.0,49.0,1.0
1.0,1.0,4.759002859659786,CAD,5,9.0,34.0,15.0,236,0,14.0,10800000,2,1.0,53.0,1.0
1.0,1.0,3.611201346421793,CAD,5,5.0,26.0,5.0,237,0,5.0,10800000,2,,42.0,1.0
,1.0,4.053447401245967,CAD,1,,30.0,6.0,238,1,5.0,10817568,2,,51.3,1.0
,1.0,4.053447401245967,CAD,1,,25.0,6.0,239,1,5.0,10817568,1,,51.3,1.0
,1.0,4.3857062440327415,CAD,4,,45.7,,240,1,19.0,10821600,3,,64.8,
0.0,,4.053447401245967,CAD,4,,47.6,6.0,241,1,,10859151,1,,47.6,1.0
,0.0,3.4962928319886073,CAD,2,22.0,19.0,5.0,242,0,12.0,10900000,2,0.0,45.0,1.0
1.0,0.0,4.726064649370387,CAD,6,9.5,19.4,5.0,243,0,14.0,10900000,1,1.0,35.0,1.0
1.0,1.0,4.427152994505404,CAD,5,6.0,32.0,7.0,244,0,9.0,10900000,2,1.0,43.0,1.0
1.0,1.0,1.7430059802983857,CAD,3,6.0,19.0,10.0,245,0,10.0,10900000,1,1.0,34.0,1.0
0.0,1.0,4.0756791096963285,CAD,3,,61.5,5.0,246,0,6.0,10916296,2,0.0,61.5,1.0
0.0,1.0,4.098313006603268,CAD,1,,56.4,5.0,247,0,6.0,10958128,2,0.0,56.4,1.0
1.0,,3.525576697848812,CAD,9,9.0,29.1,8.0,248,0,9.0,10987111,2,1.0,50.0,1.0
1.0,0.0,3.525576697848812,CAD,9,7.1,32.0,8.0,249,0,9.0,10987000,2,,48.4,1.0
1.0,1.0,4.572122946931618,CAD,4,6.0,25.2,5.0,250,0,5.0,10999000,2,1.0,40.0,1.0
,1.0,4.42463956193235,CAD,6,6.0,30.0,5.0,251,0,8.0,11000000,2,,43.0,1.0
,1.0,2.1674641050924746,CAD,2,8.0,44.3,5.0,252,1,6.0,34228000,1,,67.8,1.0
1.0,1.0,4.406797266443954,CAD,10,15.0,50.0,7.0,253,0,12.0,65000000,2,0.0,85.0,1.0
,,1.6118273852578593,CAD,6,44.0,65.0,10.0,254,0,7.0,91776720,4,,151.0,1.0
,1.0,3.5708776572766334,CAD,2,8.0,30.0,6.0,255,0,6.0,11000000,2,,47.0,1.0
1.0,1.0,4.065285384299057,CAD,3,9.0,20.0,10.0,256,0,7.0,11000000,1,1.0,37.0,1.0
1.0,1.0,2.392681631688946,CAD,3,6.0,18.0,10.0,257,0,5.0,11000000,1,1.0,31.0,1.0
1.0,0.0,2.859182339166542,CAD,5,6.0,23.0,7.0,258,0,12.0,11000000,2,,42.0,1.0
1.0,1.0,3.9594003037224135,CAD,2,8.0,18.0,3.0,259,0,9.0,11000000,1,1.0,33.0,1.0
1.0,,4.769779411411368,CAD,7,9.0,32.3,20.0,260,0,12.0,11000000,2,1.0,47.5,1.0
1.0,,3.373929525676916,CAD,3,12.0,18.0,5.0,261,0,9.0,11000000,1,0.0,37.0,1.0
1.0,0.0,4.555070075573386,CAD,7,7.0,33.0,5.0,262,0,12.0,11000000,2,1.0,50.0,1.0
1.0,0.0,2.2046361213987966,CAD,11,7.0,21.6,1.0,263,0,15.0,11000000,1,1.0,39.0,1.0
1.0,1.0,3.5302128476024652,CAD,1,7.0,22.9,11.0,264,0,9.0,11000000,2,1.0,39.3,1.0
,1.0,4.060755485340341,CAD,7,8.0,31.8,5.0,265,1,9.0,11100000,1,,38.8,1.0
,0.0,3.7446606691621596,CAD,7,9.6,30.0,5.0,266,0,12.0,11100000,2,1.0,50.6,1.0
,1.0,2.221385087329601,CAD,1,8.0,22.9,10.0,267,1,8.0,11160000,1,,27.9,1.0
,1.0,6.225126063663198,CAD,1,9.0,43.0,7.0,268,0,9.0,11200000,3,1.0,78.0,1.0
1.0,1.0,3.224821743990725,CAD,2,6.0,20.0,8.0,269,1,7.0,11249465,1,,38.6,1.0
1.0,1.0,3.3672467418407805,CAD,8,10.2,15.1,6.0,270,0,12.0,11280000,1,0.0,37.0,1.0
1.0,1.0,5.1934390088354645,CAD,4,9.0,51.0,10.0,271,0,5.0,11300000,4,1.0,73.0,1.0
,1.0,4.060755485340341,CAD,7,,0.0,5.0,272,0,8.0,11368000,2,,39.2,1.0
1.0,1.0,4.561092857744094,CAD,9,14.0,20.0,5.0,273,0,12.0,11400000,1,1.0,43.0,1.0
,0.0,2.8278352436417618,CAD,5,7.0,36.5,5.0,274,0,8.0,11490000,2,1.0,52.0,1.0
,1.0,3.5465841486721836,CAD,3,7.5,24.0,7.0,275,0,12.0,11500000,2,0.0,40.0,1.0
1.0,0.0,2.8349416475513136,CAD,4,6.0,23.0,3.0,276,0,9.0,11500000,2,1.0,40.0,1.0
1.0,,6.037889019964484,CAD,6,10.0,34.0,15.0,277,0,14.0,11500000,2,0.0,52.0,1.0
1.0,0.0,3.889525690073851,CAD,9,7.0,23.1,5.0,278,0,12.0,11500000,2,1.0,38.7,1.0
1.0,1.0,2.7205457433214537,CAD,3,7.7,21.5,5.0,279,0,9.0,11500000,2,,36.3,1.0
0.0,1.0,2.3328683366375356,CAD,7,,110.8,15.0,280,0,13.0,78668000,2,1.0,110.8,0.0
1.0,1.0,1.4086658711852735,CAD,1,,120.0,5.0,281,1,3.0,225912050,1,,170.0,1.0
,1.0,2.122587080703247,CAD,3,9.0,34.0,9.0,282,1,7.0,35398539,2,,73.8,1.0
,,3.9181246045521667,CAD,2,9.0,30.0,5.0,283,0,9.0,11500000,2,1.0,56.0,1.0
1.0,0.0,3.8866654686809454,CAD,6,8.0,19.0,1.0,284,0,17.0,11500000,1,1.0,40.0,1.0
1.0,,4.447255793931671,CAD,3,10.0,38.0,7.0,285,0,6.0,11500000,2,1.0,65.7,1.0
1.0,1.0,3.706125561975099,CAD,6,8.0,18.0,5.0,286,0,10.0,11599000,1,,34.0,1.0
1.0,0.0,4.540196631966566,CAD,8,6.2,34.0,11.0,287,0,9.0,11650000,3,1.0,56.0,1.0
1.0,0.0,4.056889344638883,CAD,3,8.1,31.5,3.0,288,0,16.0,11700000,2,1.0,52.7,1.0
,,4.219432060222895,CAD,4,6.4,45.0,3.0,289,0,12.0,11700000,3,0.0,55.0,1.0
,0.0,4.811680911810552,CAD,2,13.0,32.0,15.0,290,0,5.0,11700000,2,1.0,54.0,1.0
1.0,,2.8694445252258545,CAD,9,10.0,17.7,9.0,291,0,16.0,11720000,1,1.0,39.0,1.0
,0.0,3.55742512662828,CAD,1,9.0,30.0,6.0,292,0,12.0,11800000,2,1.0,53.0,1.0
1.0,,2.2046361213987966,CAD,5,7.0,21.0,1.0,293,0,15.0,11800000,1,1.0,38.0,1.0
0.0,0.0,4.917478007633821,CAD,6,9.4,29.1,10.0,294,0,12.0,11890000,2,1.0,51.0,1.0
1.0,0.0,3.4976883069140277,CAD,4,9.4,32.3,10.0,295,0,16.0,11900000,2,1.0,54.4,1.0
1.0,1.0,2.9878588902617538,CAD,8,6.0,28.0,8.0,296,0,9.0,11900000,2,1.0,43.2,1.0
,1.0,4.0233824759436105,CAD,2,10.0,37.0,13.0,297,0,5.0,11900000,2,1.0,55.8,1.0
,,3.6547879202968954,CAD,2,6.0,29.0,5.0,298,0,9.0,11950000,2,0.0,45.0,1.0
1.0,0.0,3.9781218461281895,CAD,4,6.3,40.0,6.0,299,0,9.0,11990000,3,,64.0,1.0
,0.0,3.756254336686257,CAD,6,8.0,32.0,7.0,300,0,7.0,11990000,2,1.0,50.0,0.0
,1.0,3.7730300150456166,CAD,5,10.0,19.0,2.0,301,0,17.0,12000000,1,,40.0,1.0
1.0,,4.219248158914197,CAD,5,15.0,35.0,,302,0,9.0,12000000,3,,60.0,
1.0,1.0,2.5828416646478334,CAD,2,8.1,14.2,4.0,303,0,14.0,12000000,1,1.0,37.8,1.0
2.0,0.0,4.808045334842929,CAD,5,6.7,36.0,8.0,304,0,16.0,12000000,2,,60.7,1.0
1.0,,2.880123469786686,CAD,2,6.0,25.0,4.0,305,0,8.0,12000000,2,1.0,35.0,1.0
1.0,0.0,4.241798503816192,CAD,6,6.0,33.2,8.0,306,0,9.0,12000000,3,1.0,51.5,1.0
1.0,,2.4132235372480872,CAD,3,5.5,28.0,2.0,307,0,5.0,12000000,2,1.0,44.0,1.0
,1.0,4.367561356176928,CAD,2,7.3,38.0,9.0,308,0,6.0,13500000,2,1.0,55.0,1.0
2.0,1.0,3.1319230545020886,CAD,4,30.0,120.0,9.0,309,0,7.0,91000000,3,,155.0,1.0
2.0,1.0,2.127586696752274,CAD,4,25.0,150.0,11.0,310,0,6.0,292119300,4,,238.0,1.0
1.0,,4.0324899201356486,CAD,15,12.0,22.0,3.0,311,0,18.0,12000000,1,1.0,45.0,1.0
1.0,1.0,4.628248834644905,CAD,6,6.5,24.9,10.0,312,0,9.0,12000000,2,,41.7,1.0
0.0,1.0,1.9411791359710024,CAD,2,5.0,32.5,6.0,313,0,9.0,12000000,2,1.0,42.9,0.0
0.0,1.0,1.9411791359710024,CAD,2,6.0,33.0,5.0,314,0,9.0,12000000,2,1.0,43.0,1.0
1.0,1.0,3.2122358353297,CAD,13,9.4,20.0,4.0,315,0,13.0,12000000,1,1.0,41.0,1.0
1.0,0.0,3.9781218461281895,CAD,4,6.3,40.0,7.0,316,0,9.0,12050000,3,1.0,64.0,1.0
1.0,1.0,4.0233225620520665,CAD,7,12.0,37.0,5.0,317,0,9.0,12100000,2,1.0,54.6,1.0
,1.0,3.1715082179988947,CAD,2,8.0,31.7,5.0,318,1,7.0,12149400,1,,38.6,1.0
,,3.224821743990725,CAD,2,,0.0,8.0,319,1,7.0,12149427,1,,38.6,1.0
0.0,1.0,3.224821743990725,CAD,2,,0.0,8.0,320,1,7.0,12149427,1,,38.6,1.0
,,1.7881311380492984,CAD,1,6.2,24.3,4.0,321,0,9.0,12150000,2,1.0,38.4,1.0
0.0,1.0,3.191673685902122,CAD,2,,0.0,5.0,322,1,7.0,12177741,1,,38.7,1.0
,,3.224821743990725,CAD,2,,0.0,8.0,323,1,7.0,12177740,1,,38.7,1.0
1.0,1.0,4.5398685632354905,CAD,7,6.0,43.0,5.0,324,0,9.0,12200000,3,1.0,58.0,1.0
1.0,1.0,2.635862332095163,CAD,2,4.0,26.0,5.0,325,0,5.0,12200000,2,0.0,36.0,1.0
1.0,0.0,4.219248158914197,CAD,5,6.0,43.0,10.0,326,0,9.0,12200000,3,0.0,60.0,1.0
1.0,1.0,2.635862332095163,CAD,2,5.0,28.0,5.0,327,0,5.0,12200000,2,1.0,36.0,1.0
,0.0,4.219248158914197,CAD,5,6.0,43.0,7.0,328,0,9.0,12250000,3,,60.0,1.0
1.0,0.0,3.3258052045260036,CAD,12,9.5,30.0,7.0,329,0,12.0,12250000,2,1.0,51.0,1.0
1.0,1.0,2.561433234980412,CAD,8,11.7,16.6,10.0,330,1,19.0,12253900,1,,43.3,1.0
1.0,1.0,3.549508407575178,CAD,6,7.6,36.6,7.0,331,0,9.0,12263797,2,1.0,53.8,1.0
1.0,,3.461538997063443,CAD,7,10.0,19.6,9.0,332,0,17.0,12300000,1,,36.0,1.0
1.0,0.0,3.203072259314587,CAD,3,10.0,19.0,5.0,333,0,14.0,12300000,1,1.0,36.0,1.0
3.0,,3.919881237416631,CAD,12,10.0,38.0,4.0,334,0,12.0,12300000,2,1.0,64.0,1.0
,0.0,3.7446606691621596,CAD,12,9.6,31.0,7.0,335,0,12.0,12300000,2,1.0,50.5,1.0
,0.0,3.508706090098034,CAD,7,10.0,40.0,10.0,336,0,12.0,12500000,2,1.0,55.0,1.0
1.0,1.0,20.157224177729113,CAD,18,9.3,26.8,,337,1,24.0,6362280,1,,41.1,
2.0,0.0,3.375027451143568,CAD,3,40.0,71.0,7.0,338,0,9.0,58000000,4,1.0,150.0,1.0
1.0,0.0,2.561433234980412,CAD,8,8.0,43.0,5.0,339,0,16.0,12312000,3,,64.0,1.0
,1.0,2.040792729299388,CAD,2,6.0,42.0,8.0,340,0,5.0,12350000,3,1.0,55.5,1.0
,,3.224821743990725,CAD,3,,0.0,8.0,341,1,7.0,12393120,1,,38.6,1.0
1.0,,2.3570222095452493,CAD,9,6.0,25.0,10.0,342,0,9.0,12400000,2,0.0,40.0,0.0
1.0,1.0,3.17872787695146,CAD,5,8.0,21.0,10.0,343,0,6.0,12450000,1,1.0,38.0,1.0
0.0,,4.053447401245967,CAD,4,,60.6,6.0,344,1,,12475868,1,,60.6,1.0
1.0,1.0,3.179705434593906,CAD,8,10.0,22.0,7.0,345,0,9.0,12480000,1,,47.0,1.0
1.0,1.0,3.0799958589564183,CAD,3,6.0,45.4,3.0,346,0,5.0,12490000,3,1.0,56.0,1.0
,,5.854410860085202,CAD,2,9.0,30.0,12.0,347,0,12.0,12500000,2,1.0,56.0,1.0
1.0,0.0,4.054024516729587,CAD,7,10.0,33.0,2.0,348,0,7.0,12500000,2,0.0,62.0,1.0
1.0,0.0,3.9789970086549666,CAD,10,8.5,30.3,7.0,349,0,17.0,12500000,2,,50.9,1.0
1.0,1.0,3.4330182816780135,CAD,4,10.0,35.0,10.0,350,0,5.0,12500000,2,1.0,53.0,1.0
1.0,,4.690422687909221,CAD,4,7.0,40.0,10.0,351,0,5.0,12500000,3,,56.0,1.0
,,3.224821743990725,CAD,2,,0.0,8.0,352,1,7.0,12533034,1,,38.7,1.0
0.0,1.0,4.094604567361659,CAD,6,8.0,31.8,5.0,353,1,8.0,12600000,1,,38.8,1.0
,1.0,4.060755485340341,CAD,7,,0.0,5.0,354,0,10.0,12600000,1,,39.0,1.0
,1.0,4.060755485340341,CAD,8,40.0,0.0,5.0,355,0,8.0,12600000,1,,40.0,1.0
1.0,1.0,4.060755485340341,CAD,7,,38.8,7.0,356,0,10.0,12600000,1,0.0,38.8,1.0
,,3.224821743990725,CAD,4,,0.0,8.0,357,1,7.0,12614713,1,,38.5,1.0
0.0,,4.053447401245967,CAD,2,,50.3,6.0,358,1,,12646834,1,,50.3,1.0
,1.0,4.053447401245967,CAD,2,,30.0,6.0,359,1,8.0,12646834,2,,50.3,1.0
,1.0,4.053447401245967,CAD,2,,25.0,6.0,360,1,8.0,12646834,1,,50.3,1.0
0.0,1.0,3.191673685902122,CAD,2,,0.0,5.0,361,1,7.0,12755239,1,,38.1,1.0
,0.0,3.319464726482593,CAD,5,8.5,32.0,10.0,362,0,5.0,12800000,2,1.0,53.0,1.0
1.0,1.0,4.73527191135507,CAD,4,5.4,40.1,12.0,363,0,9.0,12800000,3,1.0,56.4,1.0
,,1.6118273852578593,CAD,2,,0.0,10.0,364,0,7.0,212212743,mult,1.0,399.0,1.0
,1.0,2.594899316459456,CAD,6,15.0,35.0,5.0,365,1,7.0,40590000,2,,61.5,1.0
,1.0,3.071769775637519,CAD,11,14.0,72.0,8.0,366,0,12.0,49000000,5,1.0,113.0,1.0
1.0,1.0,3.2651310871656487,CAD,1,7.0,43.0,10.0,367,0,12.0,12800000,3,,63.0,1.0
0.0,1.0,3.191673685902122,CAD,5,,0.0,5.0,368,1,7.0,12885519,1,,38.6,1.0
1.0,1.0,5.076122364402642,CAD,12,7.0,28.0,11.0,369,0,17.0,12900000,2,,51.0,1.0
0.0,1.0,2.4733500084721207,CAD,2,6.0,32.0,5.0,370,0,6.0,12900000,2,0.0,48.0,0.0
1.0,0.0,1.5802083638266,CAD,2,6.5,23.0,9.0,371,0,12.0,12900000,2,,39.0,1.0
,0.0,3.497463832261023,CAD,3,6.0,39.5,12.0,372,0,12.0,12900000,3,1.0,58.3,1.0
1.0,1.0,4.435862284638499,CAD,5,9.0,33.0,4.0,373,0,9.0,12900000,2,,58.0,1.0
0.0,1.0,5.3035067413236705,CAD,4,,44.2,,374,0,5.0,12900000,2,0.0,54.0,
1.0,,4.07040262277099,CAD,4,6.0,25.0,15.0,375,0,12.0,12950000,2,0.0,45.0,0.0
,1.0,3.73190058063403,CAD,2,9.0,38.0,9.0,376,0,8.0,12950000,2,1.0,55.0,1.0
0.0,1.0,3.73190058063403,CAD,2,10.0,37.0,5.0,377,0,9.0,12950000,2,1.0,55.0,0.0
1.0,,3.958130205250003,CAD,8,8.1,32.0,,378,0,17.0,12950000,2,1.0,53.5,
1.0,,4.062795688917643,CAD,3,8.0,29.0,9.0,379,0,15.0,12990000,2,1.0,52.3,1.0
0.0,1.0,4.324436133247871,CAD,4,6.0,31.0,4.0,380,0,8.0,13000000,2,0.0,45.0,1.0
,,2.6453911155081835,CAD,2,9.0,34.0,9.0,381,0,6.0,13000000,2,1.0,55.0,1.0
1.0,0.0,3.87795853831686,CAD,3,12.0,34.2,5.0,382,0,16.0,13000000,2,1.0,64.5,1.0
1.0,,3.318966139593296,CAD,6,8.0,29.0,6.0,383,0,12.0,13000000,2,,40.0,1.0
0.0,0.0,4.526249774155445,CAD,2,8.0,38.0,5.0,384,0,5.0,13000000,3,1.0,65.0,0.0
,,4.094604567361659,CAD,4,,52.0,5.0,385,0,7.0,13000000,2,,52.0,1.0
1.0,0.0,3.365936356057659,CAD,14,9.0,19.0,11.0,386,0,17.0,13000000,1,1.0,38.0,1.0
0.0,1.0,2.346105469918024,CAD,10,,0.0,3.0,387,1,12.0,13000000,1,,26.0,1.0
1.0,0.0,3.771518954281493,CAD,2,6.0,44.6,13.0,388,0,9.0,13000000,3,,58.7,1.0
,0.0,3.7777362893863105,CAD,11,7.0,39.0,3.0,389,0,12.0,13000000,2,1.0,58.6,1.0
,1.0,3.7284010046966727,CAD,3,,40.0,7.0,390,1,44.0,13000000,2,,67.0,1.0
2.0,0.0,6.282464593358778,CAD,5,9.8,32.0,5.0,391,0,9.0,13000000,2,1.0,60.0,0.0
,1.0,2.346105469918024,CAD,11,12.4,45.2,3.0,392,1,12.0,65922308,2,,74.0,1.0
,,1.5372394876773239,CAD,3,,0.0,2.0,393,0,4.0,193638900,4,,185.0,1.0
,1.0,2.1674641050924746,CAD,1,15.0,125.4,5.0,394,1,6.0,58986000,3,,200.7,1.0
,0.0,2.913109383071783,CAD,2,11.0,35.0,5.0,395,0,9.0,13000000,2,1.0,63.0,1.0
1.0,0.0,1.925232756678512,CAD,9,7.5,25.0,5.0,396,0,9.0,13100000,2,0.0,45.0,1.0
,,3.224821743990725,CAD,7,,0.0,8.0,397,1,7.0,13149940,1,,38.0,1.0
,1.0,4.060755485340341,CAD,2,8.0,35.6,5.0,398,1,9.0,13300000,1,,43.4,1.0
1.0,0.0,3.7446606691621596,CAD,2,10.2,43.3,6.0,399,0,12.0,13300000,3,0.0,64.3,1.0
1.0,0.0,4.366204052973648,CAD,14,9.0,32.2,5.0,400,0,17.0,13300000,2,1.0,53.5,1.0
0.0,1.0,3.191673685902122,CAD,6,,0.0,5.0,401,1,7.0,13356800,1,,38.5,1.0
,0.0,3.3315592001340004,CAD,1,7.0,45.0,5.0,402,0,5.0,13400000,3,,63.0,1.0
1.0,0.0,4.458836519533909,CAD,2,10.0,30.4,12.0,403,0,17.0,13400000,2,1.0,51.0,1.0
1.0,1.0,2.7972603370102753,CAD,5,7.0,56.0,15.0,404,0,5.0,13450000,3,1.0,75.0,1.0
1.0,1.0,3.6766247239508156,CAD,13,11.0,21.0,15.0,405,0,16.0,13490000,1,1.0,46.6,1.0
0.0,1.0,4.094604567361659,CAD,4,,52.0,3.0,406,0,10.0,13500000,2,0.0,52.0,1.0
1.0,1.0,3.3165047549738014,CAD,4,10.0,43.0,10.0,407,0,6.0,13500000,2,,63.8,1.0
2.0,0.0,4.40170554019992,CAD,4,9.5,47.0,6.0,408,0,12.0,13500000,3,1.0,67.0,1.0
1.0,,3.6848519160715365,CAD,2,15.4,42.4,11.0,409,0,4.0,13500000,2,,77.8,1.0
2.0,1.0,3.067428475293063,CAD,5,11.0,20.0,9.0,410,0,9.0,13500000,1,1.0,41.0,1.0
1.0,0.0,2.7990728262149758,CAD,2,5.0,40.0,5.0,411,0,5.0,13500000,3,1.0,55.0,1.0
,0.0,4.242292045852571,CAD,2,9.0,34.0,2.0,412,0,8.0,13500000,2,,60.0,1.0
,1.0,4.59598834145928,CAD,1,8.0,43.0,5.0,413,0,6.0,13500000,2,1.0,63.0,1.0
,1.0,5.232923019735052,CAD,3,7.0,60.0,15.0,414,0,5.0,13500000,3,,82.0,1.0
,1.0,4.060755485340341,CAD,5,10.0,30.0,5.0,415,0,9.0,13500000,1,0.0,49.0,1.0
1.0,1.0,3.5479557427581065,CAD,5,8.0,34.0,15.0,416,0,5.0,13500000,2,1.0,56.0,1.0
1.0,,2.432254577501985,CAD,3,8.0,32.2,3.0,417,0,8.0,13500000,2,,52.2,1.0
,1.0,2.2563774294662258,CAD,1,11.8,18.6,11.0,418,0,5.0,13500000,1,1.0,42.3,1.0
1.0,1.0,5.178912021040597,CAD,8,9.6,31.6,15.0,419,0,22.0,13500000,2,0.0,58.5,1.0
,,2.44469799455338,CAD,11,27.0,31.0,7.0,420,0,18.0,34000000,2,0.0,72.0,1.0
,1.0,2.560430938956886,CAD,5,25.0,50.0,6.0,421,0,7.0,33000000,3,1.0,75.0,1.0
1.0,1.0,2.3135889988548106,CAD,4,,33.3,5.0,422,0,6.0,25700000,2,1.0,57.9,1.0
0.0,1.0,3.191673685902122,CAD,4,,0.0,5.0,423,1,6.0,13546019,1,,37.7,1.0
1.0,1.0,2.561433234980412,CAD,17,14.6,15.4,10.0,424,1,19.0,13546800,1,,42.6,1.0
1.0,0.0,4.392143905326638,CAD,8,11.0,44.5,3.0,425,0,12.0,13600000,3,1.0,65.4,1.0
,1.0,2.1896585977273992,CAD,2,11.0,33.0,7.0,426,0,7.0,13600000,2,1.0,53.1,1.0
0.0,0.0,4.543179800804664,CAD,1,9.5,43.0,10.0,427,0,12.0,13600000,3,0.0,64.0,1.0
,0.0,3.6511168153029048,CAD,1,9.3,44.1,9.0,428,0,12.0,13600000,3,,64.2,1.0
,1.0,4.094604567361659,CAD,9,,0.0,5.0,429,0,10.0,13641600,1,,39.2,1.0
0.0,,2.535805875917013,CAD,8,8.0,32.0,5.0,430,0,11.0,13700000,2,,53.0,1.0
,1.0,2.9062905378418447,CAD,2,8.1,33.6,9.0,431,0,6.0,13700000,2,1.0,54.1,1.0
,0.0,4.324436133247871,CAD,3,6.0,28.0,6.0,432,0,8.0,13800000,2,,43.5,1.0
1.0,1.0,2.4696625367650027,CAD,5,8.0,27.7,8.0,433,0,12.0,13800000,2,1.0,52.0,1.0
,1.0,3.0250733183830563,CAD,2,6.0,4.0,2.0,434,0,5.0,13800000,3,,65.0,1.0
1.0,1.0,3.945610539780451,CAD,4,10.0,37.0,10.0,435,0,5.0,13800000,2,,57.0,1.0
0.0,1.0,3.191673685902122,CAD,7,,0.0,5.0,436,1,7.0,13802742,1,,38.7,1.0
0.0,1.0,3.191673685902122,CAD,2,,0.0,5.0,437,1,7.0,13889099,1,,39.5,1.0
,1.0,4.281510288398648,CAD,2,,57.6,4.0,438,0,9.0,13900000,3,0.0,92.0,1.0
,0.0,4.208149146358059,CAD,3,9.0,39.0,7.0,439,0,6.0,13900000,3,1.0,60.0,1.0
1.0,1.0,2.040792729299388,CAD,3,10.0,43.0,5.0,440,0,5.0,13900000,2,1.0,56.0,1.0
,0.0,1.9832727567088246,CAD,5,,34.0,7.0,441,0,17.0,13900000,1,,42.8,1.0
1.0,1.0,2.182257504396101,CAD,3,6.0,36.6,5.0,442,0,5.0,13900000,3,1.0,56.0,1.0
,,3.811674627991479,CAD,3,8.5,42.2,12.0,443,0,5.0,13950000,3,,67.6,1.0
1.0,,2.8694445252258545,CAD,5,9.3,35.5,9.0,444,0,16.0,13950000,2,,57.3,1.0
,1.0,4.053447401245967,CAD,3,,30.0,6.0,445,1,4.0,13950579,1,,79.2,1.0
,1.0,4.053447401245967,CAD,3,,40.0,6.0,446,1,4.0,13950579,2,,79.2,1.0
,1.0,4.053447401245967,CAD,3,,50.0,6.0,447,1,4.0,13950579,3,,79.2,1.0
,,4.158010482401364,CAD,5,,0.0,7.0,448,0,12.0,258200000,5,,258.2,1.0
,,1.9969606705651985,CAD,3,,0.0,9.0,449,0,8.0,324577000,4,,261.3,1.0
0.0,1.0,5.0917903263987725,CAD,56,10.0,120.0,2.0,450,0,62.0,100046765,2,0.0,143.0,1.0
0.0,,4.053447401245967,CAD,3,,79.2,6.0,451,1,,13950579,1,,79.2,1.0
1.0,0.0,2.814705309325437,CAD,2,9.0,30.0,14.0,452,0,12.0,13990000,2,,54.0,1.0
,1.0,4.728823835817162,CAD,5,9.0,17.4,10.0,453,0,11.0,13999000,2,1.0,42.7,1.0
,1.0,4.728823835817162,CAD,5,9.0,17.4,10.0,454,0,11.0,13999000,1,1.0,42.7,1.0
1.0,0.0,2.649987791689668,CAD,9,8.0,29.0,10.0,455,0,12.0,14000000,2,1.0,53.0,1.0
1.0,1.0,3.064469854471615,CAD,4,6.0,25.0,3.0,456,0,9.0,14000000,2,,40.0,1.0
2.0,1.0,3.067428475293063,CAD,7,10.0,21.0,9.0,457,0,12.0,14000000,1,,44.0,1.0
1.0,,4.062795688917643,CAD,8,8.0,30.0,9.0,458,0,12.0,14000000,2,1.0,52.0,1.0
1.0,1.0,3.5435983545508245,CAD,5,10.0,38.0,4.0,459,0,8.0,14000000,2,1.0,60.0,1.0
1.0,,2.582457347859262,CAD,6,8.0,26.1,10.0,460,0,15.0,14000000,2,1.0,50.0,1.0
1.0,1.0,2.582457347859262,CAD,6,8.0,26.1,5.0,461,0,15.0,14000000,2,1.0,50.0,1.0
1.0,1.0,4.1749027150188,CAD,13,8.0,31.0,4.0,462,0,14.0,14000000,2,1.0,52.0,1.0
0.0,1.0,3.191673685902122,CAD,3,,0.0,5.0,463,1,6.0,14046318,1,,39.8,1.0
,1.0,1.8209525378181934,CAD,2,6.0,36.0,2.0,464,0,5.0,14100000,2,1.0,48.0,1.0
,,4.053447401245967,CAD,2,5.0,32.0,,465,0,10.0,14100000,1,0.0,41.0,
1.0,,4.512800669921386,CAD,4,6.0,32.0,5.0,466,0,9.0,14200000,2,1.0,45.0,1.0
1.0,,3.958130205250003,CAD,3,8.0,31.4,7.0,467,0,17.0,14200000,2,1.0,56.0,1.0
,1.0,4.133896556131118,CAD,1,8.0,37.6,4.0,468,0,8.0,14200000,3,1.0,55.0,1.0
1.0,1.0,3.821294315988693,CAD,8,8.9,36.8,7.0,469,0,9.0,14200000,2,0.0,60.0,1.0
1.0,1.0,3.529036897687635,CAD,3,10.0,28.0,8.0,470,0,8.0,14200186,1,1.0,38.0,1.0
0.0,1.0,4.0756791096963285,CAD,3,,79.2,5.0,471,0,6.0,14229591,3,0.0,79.2,1.0
,,3.284794468657385,CAD,2,9.0,31.0,7.0,472,0,12.0,14250000,2,,51.0,1.0
1.0,1.0,3.224821743990725,CAD,2,5.1,32.2,8.0,473,1,11.0,14256211,2,,48.2,1.0
0.0,0.0,1.9933704293448546,CAD,5,7.4,33.0,5.0,474,0,8.0,14300000,2,1.0,53.5,1.0
2.0,1.0,4.951039560080813,CAD,19,10.0,28.0,5.0,475,0,21.0,14300000,2,1.0,64.0,0.0
,1.0,3.7464657581258853,CAD,5,16.0,68.5,7.0,476,0,11.0,40000000,3,0.0,108.8,1.0
,1.0,1.9122184484217803,CAD,4,20.0,120.0,2.0,477,0,6.0,130000000,4,,200.0,1.0
1.0,0.0,2.220723249366483,CAD,3,9.0,66.0,7.0,478,0,7.0,38000000,4,1.0,90.0,1.0
1.0,0.0,2.832230381269389,CAD,3,9.0,32.0,10.0,479,0,16.0,14300000,2,1.0,54.0,1.0
1.0,1.0,4.951039560080813,CAD,19,,28.4,10.0,480,0,21.0,14300000,2,1.0,63.7,1.0
1.0,1.0,3.224821743990725,CAD,2,,19.5,8.0,481,1,10.0,14387994,1,,38.0,1.0
1.0,1.0,2.561433234980412,CAD,2,12.1,26.8,10.0,482,1,19.0,14400000,2,,57.6,1.0
1.0,1.0,3.318966139593296,CAD,4,10.0,30.0,6.0,483,0,14.0,14400000,2,,50.0,1.0
0.0,1.0,2.598563856211032,CAD,1,8.0,34.0,5.0,484,0,5.0,14400000,2,0.0,65.0,1.0
,1.0,2.7291807508823593,CAD,2,23.0,36.0,5.0,485,0,6.0,14400000,2,1.0,65.0,1.0
,1.0,2.7291807508823593,CAD,2,12.0,45.0,5.0,486,0,6.0,14400000,3,1.0,65.0,1.0
1.0,1.0,2.666844030977228,CAD,3,6.0,37.0,8.0,487,0,6.0,14450000,2,,48.9,1.0
,,4.0243908161462025,CAD,1,7.3,52.3,10.0,488,0,6.0,14490000,3,1.0,71.2,1.0
1.0,0.0,4.056370203625533,CAD,5,8.0,46.0,11.0,489,0,5.0,14500000,3,1.0,68.0,1.0
2.0,1.0,3.021899179966037,CAD,4,11.0,28.0,2.0,490,0,5.0,14500000,1,1.0,66.0,1.0
,,3.7777362893863105,CAD,10,,59.0,4.0,491,0,12.0,14500000,3,,59.0,1.0
1.0,1.0,3.42571434994082,CAD,5,8.0,39.0,8.0,492,0,6.0,14500000,2,1.0,65.0,1.0
1.0,1.0,4.745328617293192,CAD,3,6.0,26.0,10.0,493,0,8.0,14500000,2,,43.0,1.0
1.0,1.0,4.060755485340341,CAD,8,,42.7,7.0,494,0,10.0,14518000,1,0.0,42.7,1.0
0.0,1.0,4.339458902526838,CAD,5,,0.0,13.0,495,0,21.0,14661025,2,1.0,45.7,1.0
1.0,1.0,5.0284094335628735,CAD,6,15.0,30.0,10.0,496,0,20.0,14700000,1,1.0,50.0,1.0
1.0,1.0,5.0284094335628735,CAD,6,15.0,30.0,10.0,497,0,22.0,14700000,1,1.0,50.0,1.0
,1.0,4.037378447927592,CAD,1,7.5,36.0,3.0,498,0,5.0,14700000,3,1.0,65.0,1.0
0.0,1.0,4.094604567361659,CAD,8,,42.8,3.0,499,0,10.0,14723200,1,0.0,42.8,1.0
,1.0,4.060755485340341,CAD,9,,0.0,5.0,500,0,10.0,14723200,1,,43.0,1.0
1.0,1.0,3.347709960781447,CAD,5,10.0,30.0,12.0,501,0,11.0,14790000,2,0.0,55.0,1.0
1.0,1.0,2.561433234980412,CAD,19,20.5,10.9,10.0,502,1,19.0,14837900,1,,45.1,1.0
1.0,1.0,3.692947824718997,CAD,4,6.0,24.5,5.0,503,0,10.0,14850000,2,,43.0,1.0
,,2.594899316459456,CAD,2,,0.0,7.0,504,1,7.0,86132500,4,,132.0,1.0
,1.0,4.158010482401364,CAD,9,,0.0,10.0,505,0,12.0,142034133,3,1.0,146.0,1.0
,1.0,2.3114182186111534,CAD,2,,0.0,10.0,506,0,6.0,357034700,4,1.0,249.0,1.0
1.0,1.0,2.4478992405706332,CAD,6,8.0,23.0,5.0,507,0,6.0,14900000,2,,42.0,1.0
,0.0,5.11192526262366,CAD,2,10.0,20.0,15.0,508,0,11.0,14900000,1,0.0,44.0,1.0
1.0,1.0,2.980990875221415,CAD,5,10.0,36.0,5.0,509,0,5.0,14900000,2,,65.0,1.0
,0.0,2.4969438237948713,CAD,6,9.0,34.0,2.0,510,0,8.0,14900000,2,,62.0,1.0
1.0,1.0,2.561433234980412,CAD,18,20.3,16.4,10.0,511,1,19.0,14961100,1,,46.9,1.0
1.0,1.0,3.224821743990725,CAD,2,5.1,32.2,8.0,512,1,11.0,14968983,2,,48.2,1.0
,1.0,4.148643537010089,CAD,12,7.0,34.0,1.0,513,0,12.0,15000000,2,,55.0,1.0
,1.0,3.3563398628953385,CAD,2,12.0,31.0,5.0,514,0,13.0,15000000,2,,53.0,1.0
2.0,0.0,2.6601838292099154,CAD,4,9.0,46.0,3.0,515,0,5.0,15000000,3,0.0,66.2,1.0
1.0,,2.88132279061492,CAD,1,10.7,19.6,3.0,516,0,12.0,15000000,1,1.0,46.4,1.0
1.0,1.0,4.126434807126102,CAD,3,9.0,52.0,10.0,517,0,5.0,15000000,4,,72.0,1.0
1.0,1.0,5.058893019492733,CAD,7,19.0,40.0,,518,0,9.0,15000000,3,1.0,59.0,
1.0,1.0,3.835855279240845,CAD,11,9.0,30.7,9.0,519,0,12.0,15000000,2,1.0,51.1,1.0
1.0,1.0,3.715396969331758,CAD,9,9.0,18.0,10.0,520,0,13.0,15000000,1,1.0,39.0,1.0
,1.0,4.053447401245967,CAD,2,,50.0,6.0,521,1,8.0,15125860,3,,85.3,1.0
1.0,1.0,1.4755593247498158,CAD,1,12.5,18.0,8.0,522,0,9.0,15200000,1,,50.0,1.0
1.0,1.0,4.314325107591777,CAD,3,8.0,48.0,2.0,523,0,5.0,15200000,3,1.0,70.0,1.0
1.0,1.0,4.387086808777206,CAD,4,16.0,55.0,2.0,524,0,5.0,15200000,3,0.0,80.0,1.0
,1.0,4.3857062440327415,CAD,16,,53.2,,525,1,19.0,15238200,3,,69.9,
1.0,1.0,2.561433234980412,CAD,17,25.4,13.6,10.0,526,1,19.0,15317400,1,,52.1,1.0
,1.0,1.7509235061715505,CAD,3,7.0,30.0,4.0,527,0,8.0,15400000,2,,46.0,1.0
1.0,1.0,1.7509235061715505,CAD,3,7.0,30.0,3.0,528,0,8.0,15400000,2,1.0,46.0,1.0
1.0,1.0,2.635862332095163,CAD,2,6.4,46.0,6.0,529,0,5.0,15400000,3,1.0,64.0,1.0
0.0,1.0,3.191673685902122,CAD,7,,0.0,5.0,530,1,7.0,15422644,1,,38.3,1.0
1.0,1.0,3.347709960781447,CAD,4,9.2,34.3,5.0,531,0,12.0,15450000,2,0.0,56.8,0.0
,,3.7760697128580945,CAD,7,,0.0,7.0,532,0,11.0,116183340,3,,138.5,1.0
,1.0,2.843620410532411,CAD,3,8.0,16.0,3.0,533,0,8.0,12900000,1,1.0,32.0,1.0
1.0,,3.919881237416631,CAD,3,9.0,33.0,5.0,534,0,12.0,18000000,2,1.0,55.0,1.0
,1.0,3.3792378501325198,CAD,3,11.7,41.5,9.0,535,0,6.0,15490000,2,0.0,64.3,1.0
,1.0,1.093769757673568,CAD,2,7.0,27.0,4.0,536,0,10.0,15500000,2,1.0,37.0,1.0
,1.0,1.4001491162900954,CAD,1,10.1,37.0,4.0,537,0,3.0,15500000,3,1.0,60.1,1.0
0.0,1.0,3.027867403169403,CAD,2,12.0,39.0,5.0,538,0,7.0,15500000,3,1.0,68.0,1.0
1.0,1.0,2.3723890747126033,CAD,6,,40.0,10.0,539,0,9.0,15500000,2,,50.0,1.0
,,4.179853951477886,CAD,5,15.0,55.0,6.0,540,0,5.0,15500000,3,0.0,78.0,1.0
0.0,1.0,1.093769757673568,CAD,2,4.0,30.0,3.0,541,0,12.0,15500000,1,0.0,37.0,1.0
,1.0,4.641831854556667,CAD,4,8.5,38.2,5.0,542,0,6.0,15500000,2,,56.0,1.0
,,2.386616580607019,CAD,7,10.0,40.0,3.0,543,0,7.0,15500000,2,0.0,50.0,0.0
1.0,1.0,3.347709960781447,CAD,10,10.0,30.0,12.0,544,0,11.0,15500000,2,0.0,55.0,1.0
,0.0,2.386616580607019,CAD,7,7.4,31.7,3.0,545,0,8.0,15500000,2,1.0,50.2,1.0
1.0,,3.9181246045521667,CAD,4,9.0,49.8,5.0,546,0,8.0,15500000,3,1.0,68.9,1.0
0.0,1.0,3.3105299882526587,CAD,1,9.0,60.0,10.0,547,0,6.0,15500000,4,1.0,94.0,1.0
1.0,0.0,2.582046820749576,CAD,4,10.8,29.7,6.0,548,0,7.0,15500000,2,1.0,56.2,1.0
1.0,,2.5972009333862736,CAD,9,8.0,30.0,10.0,549,0,17.0,15550000,2,0.0,45.0,1.0
,,3.224821743990725,CAD,2,,0.0,8.0,550,1,7.0,15558049,1,,45.6,1.0
,1.0,3.5266185501230325,CAD,8,9.1,33.5,7.0,551,0,14.0,15600000,2,1.0,54.0,1.0
,1.0,3.1715082179988947,CAD,3,8.0,31.9,5.0,552,1,7.0,15638200,1,,38.9,1.0
,1.0,2.221385087329601,CAD,3,8.0,32.1,10.0,553,1,8.0,15680000,1,,39.2,1.0
,1.0,2.531132091721027,CAD,3,10.0,25.0,12.0,554,0,8.0,15680000,1,,39.2,1.0
,0.0,2.6892496849428857,CAD,4,7.7,43.0,6.0,555,0,8.0,15700000,3,1.0,65.0,1.0
1.0,1.0,2.561433234980412,CAD,2,14.5,32.7,10.0,556,1,19.0,15727500,2,,67.5,1.0
,1.0,4.060755485340341,CAD,2,8.0,41.3,5.0,557,1,9.0,15752100,2,,58.1,1.0
1.0,1.0,4.0606532783760185,CAD,2,,45.0,7.0,558,0,5.0,15752100,2,,58.1,1.0
1.0,1.0,3.9920768493890355,CAD,4,,0.0,9.0,559,1,13.0,15777174,1,,51.7,1.0
,,4.917478007633821,CAD,11,9.5,31.0,10.0,560,0,12.0,10000000,2,1.0,51.0,1.0
1.0,1.0,3.3520001333887777,CAD,7,25.0,200.0,8.0,561,0,11.0,174275010,mult,1.0,287.0,1.0
,1.0,2.9325408393085675,CAD,14,,176.3,14.0,562,0,22.0,86000000,4,,176.3,1.0
0.0,1.0,3.191673685902122,CAD,2,,0.0,5.0,563,1,6.0,15799301,1,,45.8,1.0
1.0,1.0,2.434049549095437,CAD,4,7.6,44.7,3.0,564,0,7.0,15800000,3,1.0,67.7,1.0
1.0,1.0,2.561433234980412,CAD,5,14.5,32.7,10.0,565,1,19.0,15802050,2,,67.1,1.0
,1.0,3.504337460706624,CAD,7,6.0,42.0,5.0,566,0,9.0,15813844,2,,55.0,1.0
,,3.224821743990725,CAD,3,,0.0,8.0,567,1,7.0,15839192,1,,39.4,1.0
0.0,,4.656343875859484,CAD,11,6.1,21.3,10.0,568,0,12.0,15900000,1,1.0,40.0,0.0
1.0,1.0,3.284794468657385,CAD,6,9.0,34.0,5.0,569,0,12.0,15900000,2,,55.0,1.0
1.0,1.0,4.729817183363904,CAD,2,10.0,43.0,7.0,570,0,12.0,15900000,3,1.0,70.0,1.0
1.0,1.0,2.274883483322143,CAD,3,8.0,18.2,6.0,571,0,10.0,15900000,1,1.0,37.0,1.0
,1.0,3.1715082179988947,CAD,5,8.0,37.6,5.0,572,1,7.0,15937100,1,,45.8,1.0
,,2.2740820685292067,CAD,1,6.0,43.0,7.0,573,0,7.0,15950000,2,,58.0,1.0
0.0,1.0,3.191673685902122,CAD,2,,0.0,5.0,574,1,7.0,15992191,1,,42.1,1.0
1.0,1.0,2.565006480163186,CAD,5,10.0,20.0,12.0,575,0,8.0,16000000,2,1.0,40.0,1.0
,0.0,2.4119691223602397,CAD,6,9.0,20.0,3.0,576,0,16.0,16000000,1,,35.0,1.0
,0.0,6.165328810544458,CAD,2,10.3,45.5,14.0,577,0,17.0,16000000,3,1.0,72.0,1.0
2.0,0.0,3.42693594115458,CAD,3,8.3,40.0,9.0,578,0,12.0,16000000,3,0.0,66.0,0.0
,0.0,2.8879292859156065,CAD,1,8.5,54.0,8.0,579,0,5.0,16000000,3,1.0,78.0,1.0
,1.0,3.7837614318740154,CAD,2,10.0,52.0,8.0,580,0,5.0,16000000,3,1.0,86.0,1.0
,1.0,3.221234390595253,CAD,2,8.0,54.0,5.0,581,0,6.0,16000000,3,1.0,75.0,1.0
,1.0,1.4457847833914452,CAD,4,7.0,18.5,9.0,582,0,6.0,16000000,1,0.0,33.5,1.0
0.0,1.0,1.093769757673568,CAD,8,6.0,32.0,1.0,583,0,10.0,16000000,1,0.0,48.0,0.0
,1.0,5.1484065490269675,CAD,14,,41.0,6.0,584,1,77.0,16000000,2,,61.0,1.0
0.0,1.0,2.358673530521204,CAD,4,,0.0,13.0,585,1,5.0,16110000,2,,35.8,1.0
0.0,1.0,3.191673685902122,CAD,4,,0.0,5.0,586,1,7.0,16123224,1,,39.3,1.0
1.0,1.0,3.9931098777130294,CAD,4,12.8,17.9,5.0,587,1,13.0,16135531,1,,52.2,1.0
,1.0,2.346105469918024,CAD,10,5.0,19.0,3.0,588,1,12.0,13650000,1,,26.0,1.0
,0.0,1.0425928815205254,CAD,2,7.0,34.0,4.0,589,0,3.0,18000000,2,,48.0,1.0
1.0,1.0,1.6444410783892194,CAD,2,15.0,79.6,3.0,590,0,6.0,45000000,4,1.0,129.6,0.0
1.0,1.0,4.1917428766825715,CAD,8,7.0,29.0,7.0,591,0,8.0,16136575,2,1.0,44.0,1.0
1.0,1.0,4.1917428766825715,CAD,8,7.0,29.0,7.0,592,0,8.0,16228850,2,1.0,44.0,1.0
0.0,1.0,3.191673685902122,CAD,4,,0.0,5.0,593,1,7.0,16147815,1,,39.4,1.0
1.0,1.0,3.9931098777130294,CAD,3,12.8,17.9,5.0,594,1,13.0,16171878,1,,52.5,1.0
,1.0,2.5397205067448754,CAD,6,6.0,18.1,5.0,595,0,7.0,16300000,1,,36.4,1.0
,1.0,2.8991078182148438,CAD,5,6.2,48.0,3.0,596,0,8.0,16300000,3,1.0,60.0,1.0
,1.0,1.225966028092427,CAD,5,15.0,16.0,4.0,597,0,5.0,16300000,1,,40.0,1.0
0.0,1.0,3.191673685902122,CAD,4,,0.0,5.0,598,1,6.0,16313369,1,,45.5,1.0
0.0,1.0,3.191673685902122,CAD,2,,0.0,5.0,599,1,6.0,16394513,1,,45.7,1.0
0.0,1.0,3.191673685902122,CAD,6,,0.0,5.0,600,1,7.0,16416367,1,,37.8,1.0
1.0,1.0,3.9931098777130294,CAD,8,13.1,19.1,5.0,601,1,13.0,16448565,1,,52.0,1.0
1.0,1.0,4.02795192394314,CAD,8,,0.0,9.0,602,1,13.0,16448565,1,,52.0,1.0
,,3.224821743990725,CAD,2,,0.0,8.0,603,1,7.0,16465925,2,,48.2,1.0
,1.0,2.1108671259987504,CAD,8,5.0,39.0,2.0,604,0,10.0,16500000,2,,59.0,1.0
1.0,0.0,4.758558823903895,CAD,6,9.0,20.0,8.0,605,0,9.0,16500000,1,1.0,37.0,1.0
0.0,0.0,3.9990125204229927,CAD,3,10.0,51.0,3.0,606,0,12.0,16500000,3,0.0,70.0,1.0
1.0,0.0,3.9990125204229927,CAD,3,12.0,50.0,4.0,607,0,12.0,16500000,3,1.0,70.0,1.0
0.0,1.0,1.093769757673568,CAD,2,,36.0,3.0,608,0,9.0,16500000,1,0.0,42.0,1.0
2.0,1.0,3.6962412716099426,CAD,5,7.6,75.0,9.0,609,0,5.0,16500000,4,1.0,105.0,1.0
0.0,0.0,3.9990125204229927,CAD,3,10.0,51.0,3.0,610,0,12.0,16500000,3,0.0,70.0,1.0
1.0,0.0,3.9990125204229927,CAD,3,8.0,48.0,5.0,611,0,12.0,16500000,3,1.0,70.0,1.0
,0.0,3.7280184809925974,CAD,3,12.0,37.4,5.0,612,0,8.0,16500000,2,1.0,62.2,1.0
1.0,,3.347709960781447,CAD,9,10.0,30.0,5.0,613,0,10.0,16500000,2,,55.0,1.0
1.0,0.0,2.4119691223602397,CAD,7,10.0,20.0,3.0,614,0,14.0,16500000,1,1.0,36.0,1.0
1.0,,3.1865981008285647,CAD,3,8.8,37.0,12.0,615,0,6.0,16500000,2,1.0,61.0,1.0
1.0,,0.8227255962380755,CAD,6,16.0,105.0,8.0,616,0,6.0,219396101,5,1.0,210.0,1.0
2.0,1.0,4.1126587283076725,CAD,5,8.9,50.9,5.0,617,0,5.0,13700000,3,1.0,75.5,1.0
1.0,1.0,1.6444410783892194,CAD,2,15.0,79.6,3.0,618,0,6.0,45000000,4,1.0,129.6,0.0
,1.0,4.060755485340341,CAD,2,,0.0,5.0,619,0,5.0,16550900,2,,59.3,1.0
0.0,1.0,4.129126550773845,CAD,2,,59.3,7.0,620,0,5.0,16550900,2,0.0,59.3,1.0
,1.0,2.221385087329601,CAD,5,8.0,34.0,10.0,621,1,8.0,16600000,1,,41.5,1.0
,1.0,1.8427883036663104,CAD,3,6.0,30.0,5.0,622,0,5.0,16700000,3,1.0,50.0,1.0
,1.0,1.8427883036663104,CAD,3,6.0,30.0,5.0,623,0,5.0,16700000,2,1.0,50.0,1.0
1.0,0.0,3.9990125204229927,CAD,5,11.0,46.0,7.0,624,0,12.0,16700000,3,1.0,70.0,1.0
,,1.8285659990108507,CAD,18,7.0,35.0,10.0,625,0,22.0,16800000,2,1.0,52.0,1.0
1.0,0.0,4.8976175554321415,CAD,10,11.0,55.7,5.0,626,0,10.0,16800000,3,1.0,84.0,1.0
1.0,1.0,2.582457347859262,CAD,4,8.0,29.0,5.0,627,0,14.0,16800000,2,1.0,52.0,1.0
0.0,1.0,3.191673685902122,CAD,4,,0.0,5.0,628,1,7.0,16812514,1,,42.1,1.0
,1.0,2.221385087329601,CAD,2,8.0,34.5,10.0,629,1,8.0,16840000,1,,42.1,1.0
1.0,,1.8586047333519546,CAD,14,7.0,23.0,5.0,630,0,17.0,16899000,2,,40.0,1.0
1.0,0.0,2.6550604864440897,CAD,4,16.0,20.0,15.0,631,0,9.0,16900000,2,1.0,40.0,1.0
1.0,,3.919881237416631,CAD,4,32.0,10.0,4.0,632,0,17.0,16900000,2,1.0,55.0,1.0
1.0,1.0,1.7297487136118312,CAD,4,5.0,27.0,10.0,633,0,8.0,16900000,2,1.0,41.0,1.0
1.0,0.0,3.354263391370555,CAD,5,6.0,39.5,5.0,634,0,10.0,16900000,3,1.0,60.0,1.0
,1.0,2.221385087329601,CAD,5,,30.0,8.0,635,1,9.0,16920000,1,,42.3,1.0
1.0,1.0,4.119222462328315,CAD,3,,68.0,7.0,636,0,5.0,16945600,2,0.0,68.0,1.0
,1.0,4.060755485340341,CAD,3,,0.0,5.0,637,0,5.0,16945600,3,,68.0,1.0
,1.0,4.060755485340341,CAD,3,,0.0,5.0,638,0,5.0,16945600,2,,68.0,1.0
1.0,1.0,3.644529341079017,CAD,5,8.0,45.0,5.0,639,0,5.0,17000000,3,1.0,66.0,1.0
1.0,1.0,3.644529341079017,CAD,5,7.0,50.0,6.0,640,0,5.0,17000000,3,,65.0,1.0
,1.0,3.4910332684737857,CAD,1,6.0,36.0,7.0,641,0,6.0,17000000,2,,58.0,1.0
1.0,,4.543545513661775,CAD,4,,45.0,5.0,642,0,15.0,17000000,2,,54.0,1.0
1.0,1.0,2.336115273626707,CAD,5,10.0,31.0,9.0,643,0,5.0,17000000,2,1.0,52.0,1.0
1.0,1.0,3.096401802990596,CAD,3,18.0,100.6,10.0,644,0,7.0,106000000,4,0.0,179.6,1.0
0.0,1.0,2.3328683366375356,CAD,2,,74.3,10.0,645,0,13.0,31206000,1,1.0,74.3,0.0
1.0,1.0,3.6166969692378435,CAD,5,,0.0,5.0,646,1,13.0,24623000,2,,65.7,1.0
1.0,,2.054620096775165,CAD,3,9.0,35.0,5.0,647,0,7.0,17000000,2,,58.3,1.0
1.0,0.0,4.434132450156237,CAD,8,9.0,33.0,7.0,648,0,9.0,17000000,2,1.0,55.0,1.0
1.0,1.0,4.060755485340341,CAD,7,10.0,48.0,5.0,649,0,8.0,17000000,2,0.0,72.0,1.0
1.0,,3.284522094845261,CAD,6,7.0,32.0,8.0,650,0,8.0,17000000,2,1.0,46.8,1.0
,0.0,2.5400280658675705,CAD,1,9.2,35.5,7.0,651,0,9.0,17000000,2,1.0,57.0,1.0
0.0,0.0,2.434049549095437,CAD,2,10.0,44.5,2.0,652,0,7.0,17000000,3,1.0,65.0,1.0
0.0,1.0,3.191673685902122,CAD,6,,0.0,5.0,653,1,7.0,17075972,1,,39.4,1.0
0.0,1.0,3.191673685902122,CAD,7,,0.0,5.0,654,1,7.0,17091393,1,,46.1,1.0
1.0,1.0,2.125209946142426,CAD,7,17.0,41.0,5.0,655,0,7.0,17100000,3,0.0,62.5,1.0
1.0,0.0,2.1394117383447058,CAD,7,17.0,41.0,8.0,656,0,7.0,17100000,3,1.0,62.5,1.0
0.0,1.0,3.191673685902122,CAD,6,,0.0,5.0,657,1,7.0,17106349,1,,39.4,1.0
0.0,1.0,3.191673685902122,CAD,5,,0.0,5.0,658,1,7.0,17117769,1,,42.0,1.0
,1.0,3.7284010046966727,CAD,4,,50.0,7.0,659,1,44.0,17139500,3,,84.0,1.0
0.0,1.0,3.191673685902122,CAD,2,,0.0,5.0,660,1,7.0,17174697,1,,43.1,1.0
,1.0,3.28557117007539,CAD,2,,23.0,8.0,661,0,7.0,17174696,1,,43.1,1.0
,0.0,5.072743530017437,CAD,1,8.0,52.0,1.0,662,0,8.0,17200000,3,1.0,80.0,1.0
,0.0,5.072743530017437,CAD,1,8.0,52.0,5.0,663,0,8.0,17200000,3,1.0,80.0,1.0
0.0,1.0,3.241624848505931,CAD,5,6.0,36.0,10.0,664,0,5.0,17200000,2,1.0,60.0,1.0
,1.0,2.531132091721027,CAD,3,10.0,25.0,12.0,665,0,8.0,17320000,1,,43.3,1.0
1.0,1.0,4.02795192394314,CAD,5,12.8,50.2,5.0,666,1,13.0,17334254,1,,50.2,0.0
,1.0,2.221385087329601,CAD,3,8.0,35.6,10.0,667,1,8.0,17360000,1,,43.4,1.0
,1.0,2.565006480163186,CAD,6,,34.0,12.0,668,0,8.0,17360000,1,,43.4,1.0
0.0,0.0,1.4360753890657239,CAD,6,,0.0,4.0,669,0,6.0,17385000,1,1.0,31.0,1.0
,,1.4360753890657239,CAD,6,15.0,25.5,4.0,670,0,6.0,17385000,2,,40.5,1.0
,1.0,1.4360753890657239,CAD,6,8.0,17.0,4.0,671,0,6.0,17385000,1,0.0,30.5,1.0
1.0,1.0,1.8708962889402876,CAD,6,10.0,132.0,9.0,672,0,7.0,135482684,5,1.0,247.0,1.0
0.0,1.0,2.3328683366375356,CAD,3,,92.1,15.0,673,0,13.0,46050000,2,1.0,92.1,0.0
,,3.072420921899934,CAD,7,,0.0,9.0,674,0,7.0,225912050,5,,267.7,1.0
,,1.4360753890657239,CAD,6,,30.5,5.0,675,0,6.0,17385000,1,0.0,30.5,1.0
0.0,1.0,1.4360753890657239,CAD,6,,30.5,2.0,676,0,6.0,17385000,1,0.0,30.5,1.0
2.0,1.0,1.4360753890657239,CAD,6,,41.0,4.0,677,0,6.0,17385000,1,0.0,41.0,1.0
,,1.4360753890657239,CAD,6,,0.0,4.0,678,0,6.0,17385000,1,,30.5,1.0
0.0,1.0,1.4360753890657239,CAD,6,10.0,25.0,5.0,679,0,6.0,17385000,1,,30.5,1.0
,1.0,2.8406728979891858,CAD,2,7.0,37.0,5.0,680,0,7.0,17400000,2,,56.0,1.0
2.0,1.0,4.729817183363904,CAD,7,10.0,44.0,5.0,681,0,12.0,17400000,3,1.0,68.0,1.0
0.0,1.0,3.191673685902122,CAD,5,,0.0,5.0,682,1,6.0,17413920,2,,48.0,1.0
,0.0,3.060532767491157,CAD,10,,44.0,7.0,683,0,10.0,17440000,2,1.0,50.0,1.0
0.0,1.0,4.119222462328315,CAD,2,,60.9,7.0,684,0,5.0,17472210,2,0.0,60.9,1.0
,1.0,4.060755485340341,CAD,2,,0.0,5.0,685,0,5.0,17472210,2,,61.0,1.0
0.0,1.0,4.289250412504936,CAD,11,,0.0,13.0,686,1,21.0,17491610,1,,45.7,1.0
1.0,1.0,2.565006480163186,CAD,7,10.0,20.0,12.0,687,0,8.0,17500000,2,1.0,45.0,1.0
1.0,1.0,3.579077401329127,CAD,4,8.0,35.1,4.0,688,0,5.0,17500000,2,1.0,58.0,1.0
1.0,1.0,1.8840969066782451,CAD,6,10.0,20.0,10.0,689,0,11.0,17500000,1,1.0,48.8,0.0
1.0,1.0,2.907561549499612,CAD,8,6.0,30.0,5.0,690,0,9.0,17500000,2,1.0,48.0,1.0
,0.0,1.9933704293448546,CAD,2,11.0,53.0,5.0,691,0,7.0,17500000,3,1.0,76.5,1.0
,1.0,4.1537821567309186,CAD,7,6.0,40.0,2.0,692,0,14.0,17500000,2,,69.2,1.0
0.0,1.0,3.7664660827327947,CAD,2,19.0,50.0,7.0,693,0,5.0,17500000,3,0.0,76.0,0.0
2.0,0.0,6.004338483436927,CAD,5,,55.0,10.0,694,0,16.0,17500000,3,1.0,73.0,0.0
1.0,1.0,3.347709960781447,CAD,6,9.0,35.0,5.0,695,0,10.0,17500000,2,,56.0,1.0
,1.0,4.060755485340341,CAD,5,,0.0,5.0,696,0,5.0,17537750,2,,65.0,1.0
0.0,1.0,3.191673685902122,CAD,6,,0.0,5.0,697,1,6.0,17540959,1,,45.6,1.0
1.0,1.0,4.060755485340341,CAD,7,,52.2,7.0,698,0,10.0,17591000,1,0.0,52.2,1.0
0.0,1.0,4.094604567361659,CAD,7,,52.2,3.0,699,0,10.0,17591400,2,0.0,52.2,1.0
1.0,1.0,4.2082683900267455,CAD,7,14.0,110.0,6.0,700,0,11.0,107000000,4,,160.0,1.0
0.0,1.0,3.5252324652152858,CAD,4,,0.0,6.0,701,0,12.0,76810097,4,1.0,152.2,1.0
1.0,1.0,2.9367704422758423,CAD,6,16.0,86.9,5.0,702,0,13.0,85000000,3,0.0,138.0,1.0
2.0,,2.229934431327402,CAD,6,6.0,33.0,9.0,703,0,14.0,17600000,2,1.0,53.0,1.0
2.0,0.0,4.006143438830343,CAD,3,14.0,34.0,5.0,704,0,17.0,17600000,2,0.0,60.0,0.0
,1.0,3.1967777635367467,CAD,3,7.0,52.0,5.0,705,0,6.0,17600000,3,1.0,63.0,1.0
,,3.4525835887261715,CAD,5,,0.0,1.0,706,0,8.0,17641000,2,0.0,72.0,1.0
,1.0,4.109287619061624,CAD,3,10.0,51.0,,707,0,6.0,17650000,3,,73.0,
,1.0,3.1188037187400033,CAD,2,22.0,30.0,7.0,708,0,2.0,17700000,2,1.0,60.0,1.0
1.0,1.0,3.347709960781447,CAD,8,,55.0,,709,0,12.0,17700000,2,0.0,57.0,
1.0,,3.418428722589038,CAD,6,6.0,38.1,9.0,710,0,9.0,17800000,2,0.0,57.1,1.0
0.0,1.0,4.060755485340341,CAD,3,,54.0,7.0,711,0,6.0,17839800,3,,68.0,1.0
,1.0,4.060755485340341,CAD,2,11.0,46.4,5.0,712,1,9.0,17854200,2,,65.4,1.0
1.0,1.0,3.9920768493890355,CAD,11,11.7,50.3,5.0,713,1,13.0,17895533,1,,50.3,0.0
1.0,0.0,2.9201365618860713,CAD,2,9.0,40.0,3.0,714,0,5.0,17900000,2,1.0,64.0,1.0
1.0,,2.9201365618860713,CAD,2,9.0,40.0,3.0,715,0,5.0,17900000,2,1.0,65.0,1.0
,0.0,4.192664849201863,CAD,3,10.0,66.0,12.0,716,0,6.0,17950000,4,1.0,91.5,1.0
1.0,1.0,2.796721768774021,CAD,8,11.0,30.0,12.0,717,0,9.0,17960000,2,1.0,51.0,1.0
1.0,1.0,3.284794468657385,CAD,11,8.6,30.6,7.0,718,0,12.0,17990000,2,0.0,60.9,1.0
1.0,,2.908279721175972,CAD,3,,45.0,9.0,719,0,14.0,17990000,3,1.0,74.0,1.0
,1.0,1.7999996702013827,CAD,3,9.1,34.1,4.0,720,0,4.0,17990000,2,1.0,62.1,1.0
,,2.054620096775165,CAD,7,8.0,32.0,6.0,721,0,7.0,18000000,2,0.0,54.0,1.0
0.0,1.0,3.5280706382898908,CAD,1,6.0,41.0,5.0,722,0,6.0,18000000,3,1.0,61.0,1.0
1.0,1.0,3.351872017056487,CAD,9,11.7,31.5,10.0,723,0,16.0,18000000,2,1.0,54.0,1.0
,1.0,4.1113564260432875,CAD,3,5.0,42.9,5.0,724,0,4.0,18000000,2,0.0,63.8,1.0
1.0,1.0,3.9426353229099242,CAD,6,,31.0,2.0,725,0,9.0,18000000,2,1.0,50.0,1.0
1.0,1.0,3.611201346421793,CAD,5,,39.0,5.0,726,0,5.0,18000000,3,,52.2,1.0
1.0,1.0,3.611201346421793,CAD,5,,35.0,5.0,727,0,5.0,18000000,2,,52.2,1.0
1.0,1.0,4.273939458162932,CAD,7,12.2,26.6,5.0,728,1,13.0,29634768,1,,68.1,1.0
2.0,1.0,1.419474804745054,CAD,8,44.0,270.0,3.0,729,0,8.0,742282450,mult,1.0,493.0,1.0
1.0,,2.3129672472753535,CAD,11,,231.0,15.0,730,0,12.0,186732446,mult,1.0,289.3,1.0
,1.0,2.6982594996029876,CAD,5,6.0,18.0,13.0,731,0,9.0,18000000,1,,39.0,1.0
0.0,1.0,2.6982594996029876,CAD,5,6.0,18.0,8.0,732,0,9.0,18000000,1,1.0,39.0,1.0
1.0,0.0,3.9364781518472345,CAD,5,8.1,42.8,10.0,733,0,7.0,18000000,2,0.0,69.0,1.0
1.0,1.0,2.010491212885774,CAD,2,8.1,34.8,15.0,734,0,5.0,18000000,2,1.0,58.5,1.0
2.0,0.0,4.758558823903895,CAD,7,8.0,33.0,8.0,735,0,11.0,18000000,2,1.0,55.0,1.0
,1.0,3.039714951047658,CAD,2,5.7,47.0,10.0,736,0,4.0,18000000,3,1.0,62.0,1.0
,1.0,1.4943434486823337,CAD,2,7.0,25.0,4.0,737,0,6.0,18176312,1,1.0,34.0,1.0
0.0,1.0,3.191673685902122,CAD,6,,0.0,5.0,738,1,6.0,18082312,2,,47.6,1.0
1.0,1.0,3.9931098777130294,CAD,13,10.4,28.7,5.0,739,1,13.0,18099200,2,,50.5,1.0
1.0,1.0,3.4303249404972194,CAD,6,9.0,35.0,5.0,740,0,14.0,18100000,2,0.0,55.9,1.0
1.0,1.0,3.9931098777130294,CAD,13,12.7,17.9,5.0,741,1,13.0,18102745,1,,52.1,1.0
,1.0,2.221385087329601,CAD,4,8.0,32.2,10.0,742,1,8.0,18160000,2,,45.4,1.0
1.0,1.0,3.347709960781447,CAD,11,11.0,32.0,6.0,743,0,14.0,18200000,2,0.0,57.0,0.0
1.0,,0.0030375751064750916,CAD,10,10.0,64.0,2.0,744,0,16.0,18200000,4,1.0,75.0,1.0
1.0,,2.535805875917013,CAD,6,9.0,38.0,4.0,745,0,11.0,18300000,2,,67.0,1.0
1.0,1.0,3.1692233076310323,CAD,2,10.8,40.9,6.0,746,0,9.0,18300000,3,1.0,71.0,1.0
,1.0,1.222480092276162,CAD,2,8.0,45.0,10.0,747,0,5.0,18300000,3,,61.0,1.0
1.0,1.0,2.0441461442774624,CAD,3,20.0,30.0,,748,1,8.0,18310000,1,,51.0,
1.0,1.0,2.0441461442774624,CAD,3,20.0,30.0,12.0,749,1,8.0,18310000,1,,48.8,1.0
0.0,1.0,1.9676137376493077,CAD,3,13.0,25.0,7.0,750,0,8.0,18356000,1,1.0,48.8,1.0
1.0,1.0,2.561433234980412,CAD,14,12.4,27.5,10.0,751,1,19.0,18359600,2,,58.1,1.0
1.0,1.0,3.06460357456751,CAD,8,,77.3,5.0,752,0,18.0,18474700,2,,77.3,1.0
,,4.339458902526838,CAD,12,,0.0,13.0,753,0,21.0,18500000,1,,56.0,1.0
,0.0,2.334003363162294,CAD,1,8.0,36.9,3.0,754,0,24.0,18500000,2,1.0,51.0,1.0
1.0,1.0,3.029865336112774,CAD,6,11.0,30.0,10.0,755,0,14.0,18500000,1,1.0,57.0,1.0
0.0,1.0,2.6029705678161386,CAD,1,15.0,90.0,3.0,756,0,14.0,87000000,3,1.0,113.5,1.0
,,4.71519735664875,CAD,3,,65.0,10.0,757,0,5.0,77898480,3,1.0,95.0,1.0
,1.0,2.346105469918024,CAD,11,,78.0,3.0,758,1,12.0,91681800,3,,105.2,1.0
2.0,1.0,2.832065431718301,CAD,5,7.4,41.3,4.0,759,0,7.0,18500000,3,,62.0,1.0
,0.0,2.88429699317147,CAD,1,11.0,54.9,8.0,760,0,6.0,18500000,3,1.0,82.4,1.0
1.0,1.0,3.284794468657385,CAD,11,10.0,30.0,12.0,761,0,12.0,18500000,2,0.0,56.0,1.0
0.0,1.0,2.334003363162294,CAD,1,17.0,24.0,3.0,762,0,30.0,18500000,1,,41.0,1.0
1.0,0.0,4.359133279123224,CAD,5,10.7,51.3,10.0,763,0,17.0,18500000,3,1.0,80.0,1.0
0.0,1.0,3.191673685902122,CAD,4,,0.0,5.0,764,1,7.0,18533894,2,,57.7,1.0
1.0,1.0,3.318966139593296,CAD,14,10.0,28.0,5.0,765,0,14.0,18600000,1,1.0,52.0,1.0
,0.0,2.629634677944443,CAD,5,9.0,63.0,5.0,766,0,5.0,18600000,4,1.0,90.0,1.0
0.0,0.0,2.353468182910278,CAD,4,12.0,56.0,4.0,767,0,6.0,18600000,3,1.0,80.0,0.0
,1.0,2.629634677944443,CAD,5,10.0,61.0,3.0,768,0,5.0,18600000,4,1.0,90.0,1.0
,1.0,4.289250412504936,CAD,5,8.0,41.9,10.0,769,1,21.0,18607600,1,,51.1,1.0
1.0,1.0,3.9931098777130294,CAD,2,12.3,35.4,5.0,770,1,13.0,18696634,2,,67.5,1.0
,0.0,4.758558823903895,CAD,3,8.1,38.2,5.0,771,0,10.0,18700000,3,,53.7,1.0
,,4.748333412693239,CAD,6,,40.0,10.0,772,0,8.0,18800000,2,,52.0,1.0
0.0,1.0,4.060755485340341,CAD,5,15.0,52.0,5.0,773,0,8.0,18900000,2,1.0,72.7,1.0
0.0,1.0,3.275575145777728,CAD,2,,0.0,13.0,774,0,7.0,19000000,1,1.0,55.0,1.0
1.0,1.0,3.644529341079017,CAD,5,9.0,45.0,6.0,775,0,5.0,19000000,3,,66.0,1.0
1.0,,3.4778729062425318,CAD,3,9.0,58.0,11.0,776,0,5.0,19000000,3,1.0,80.0,1.0
1.0,0.0,3.63105802763647,CAD,7,8.1,47.4,7.0,777,0,12.0,19000000,3,1.0,81.9,1.0
,1.0,2.1655716111714476,CAD,6,14.0,36.0,5.0,778,0,8.0,19000000,2,,62.0,1.0
1.0,0.0,3.3739078055713456,CAD,2,8.6,62.7,10.0,779,0,5.0,19000000,3,0.0,85.0,1.0
1.0,0.0,3.718023526609489,CAD,4,9.0,48.0,10.0,780,0,8.0,19000000,3,1.0,75.0,1.0
2.0,1.0,4.811355417527304,CAD,3,10.0,49.0,11.0,781,0,25.0,19000000,3,1.0,80.5,1.0
2.0,0.0,4.5857731752616715,CAD,3,10.2,49.0,12.0,782,0,12.0,19000000,3,1.0,85.0,1.0
1.0,1.0,3.9805649764877624,CAD,12,,54.1,21.0,783,0,19.0,19000000,1,0.0,54.1,1.0
,,0.7180809437336085,CAD,5,15.0,85.0,8.0,784,0,7.0,53500000,4,1.0,108.0,1.0
,,1.6781502968963475,CAD,6,,0.0,10.0,785,0,9.0,516370400,4,,221.0,1.0
,,2.122587080703247,CAD,5,,0.0,9.0,786,1,7.0,85258867,3,,134.1,1.0
,,2.0441461442774624,CAD,3,,0.0,6.0,787,1,8.0,19096000,1,,50.8,1.0
,,2.0441461442774624,CAD,3,15.0,25.0,5.0,788,0,8.0,19096000,1,0.0,50.8,1.0
0.0,1.0,2.0441461442774624,CAD,3,,0.0,9.0,789,1,8.0,19096000,1,,50.8,1.0
,,2.0441461442774624,CAD,4,,0.0,6.0,790,1,8.0,19332000,1,,48.8,1.0
,1.0,2.0441461442774624,CAD,4,15.0,25.0,5.0,791,0,8.0,19332000,1,,48.8,1.0
0.0,1.0,2.0441461442774624,CAD,4,,48.8,7.0,792,1,8.0,19332000,1,,48.8,0.0
1.0,1.0,2.442150974754942,CAD,2,9.0,27.0,6.0,793,0,12.0,19400000,2,1.0,57.0,1.0
,0.0,2.6382963967549427,CAD,7,20.0,50.0,5.0,794,0,11.0,19400000,2,1.0,72.0,1.0
1.0,1.0,2.561433234980412,CAD,2,12.0,44.3,10.0,795,1,19.0,19427100,3,,84.1,1.0
,1.0,4.060755485340341,CAD,2,,0.0,5.0,796,0,5.0,19498050,3,,71.5,1.0
0.0,0.0,4.861081472086275,CAD,4,,0.0,15.0,797,0,9.0,19500000,2,1.0,45.0,1.0
1.0,1.0,2.61828718111963,CAD,4,6.0,35.3,5.0,798,0,8.0,19500000,2,1.0,56.1,1.0
2.0,0.0,3.4976883069140277,CAD,6,10.3,44.6,15.0,799,0,17.0,19500000,3,1.0,71.0,0.0
,0.0,4.485477524974514,CAD,2,9.5,43.0,10.0,800,0,8.0,19500000,3,1.0,70.0,1.0
2.0,0.0,4.715849127307837,CAD,11,10.0,54.2,12.0,801,0,17.0,19500000,3,1.0,84.6,1.0
1.0,1.0,4.499077774942842,CAD,5,6.1,42.8,8.0,802,0,8.0,19500000,3,1.0,65.4,1.0
,0.0,3.0499954983160475,CAD,10,12.0,37.0,5.0,803,0,10.0,19500000,2,1.0,70.0,1.0
1.0,1.0,4.060755485340341,CAD,3,,60.9,7.0,804,0,5.0,19561000,2,0.0,60.9,1.0
1.0,1.0,4.129126550773845,CAD,3,12.0,54.0,5.0,805,0,5.0,19610000,3,,85.0,1.0
,,3.275575145777728,CAD,2,,0.0,13.0,806,1,7.0,19723264,2,,54.4,1.0
1.0,1.0,2.0441461442774624,CAD,3,20.0,30.0,12.0,807,1,8.0,19800000,1,,50.8,1.0
1.0,,5.227192786025165,CAD,7,10.0,51.0,15.0,808,0,14.0,19800000,3,,82.0,1.0
1.0,0.0,2.096324980901868,CAD,5,8.0,35.0,4.0,809,0,9.0,19900000,2,1.0,56.0,1.0
0.0,0.0,2.193630902762599,CAD,6,9.0,47.0,2.0,810,0,14.0,19900000,3,1.0,68.0,0.0
,0.0,1.548868141615486,CAD,1,6.0,37.0,4.0,811,0,6.0,19900000,2,1.0,58.0,1.0
