C,E,N,NE,NW,S,SE,SW,W
149831735,138287001,152039252,152058755,151520583,149667907,150774480,151793304,151516648
150284181,147627339,151550930,151080202,48882684,151521912,152048204,151521968,150294194
150978474,150074354,151520677,151591610,151521629,150105903,150955717,151540691,151621581
151894585,150692460,151875176,151406606,151825967,152194009,151636281,152153130,150835717
151575879,148985302,151875136,152100067,152103863,152018195,151728886,149147065,150859901
149031259,152069016,151811103,151463618,152103560,152054569,151728507,151490145,148281778
150346368,151546542,152126685,151976834,152104082,152054577,151728744,150951435,148281793
151575167,151893649,152126677,152063110,152103815,152018184,151728533,152200185,149554284
151004941,151351513,152126692,150304587,151281232,152054575,151728769,151427524,152174444
149031296,151351514,152126691,150999581,152103592,150615513,151728896,151626708,148281795
151636041,43369704,152126688,152085894,152103627,149889520,149887529,150727341,152174446
149031321,151328081,151616475,152042737,152162397,152010622,150408913,149147080,151791025
151004981,151237181,151810992,150117501,151239345,141092460,151563590,152168769,151436697
149300855,151982057,151616450,149348463,152063650,151530804,151775762,150494772,151941298
149031261,151843518,151616490,150999649,152104225,45409045,152193336,150494665,151941309
148794719,148646744,151810977,150631322,152103721,151426885,151832756,150564358,152174449
151824843,149006586,151875148,152192368,152104460,152022344,149390179,152121263,151755038
152152851,152125600,151810970,152100085,152103707,151903084,151791058,150494634,150415529
145609912,151605091,151810953,152192606,152143321,151989377,151817328,150494607,150966718
151005044,151990119,151616493,150738923,152104743,151989320,151791182,150494763,151941329
150910021,152204037,151610419,148791374,151117706,151996696,151431331,152122727,151572483
151005116,151903867,151951787,150829251,150365537,152002676,151235305,150197629,151064452
149031279,139378032,152114401,150619709,151118033,152068886,148748835,151066861,150966794
150459322,151726785,151610083,152192027,151117808,151213883,151906989,149913827,151064447
151005216,152130854,152094211,150654156,151117820,151346083,151616633,151352936,151743699
151005085,145970096,136838562,150999795,150460923,151978348,151116236,151352448,152088942
150679023,150976210,151610165,151233694,152198300,149641627,151906984,150799636,151186808
150678964,138287009,151609986,148539677,152124853,152002838,152135218,152063503,152088904
148721148,151085202,151359885,151385185,152136232,149407636,151522241,149833775,152163603
151971050,152178369,150889552,151591660,151620432,149565409,149558581,151521953,150662770
138640967,150927927,151359838,152206447,151008425,151621795,150685046,151540691,150973341
151894585,150692460,151875176,151406606,151825967,152194009,151636281,152153130,150835717
151575879,148985302,151875136,152100067,152103863,152018195,151728886,149147065,150859901
149031259,152069016,151811103,151463618,152103560,152054569,151728507,151490145,148281778
150346368,151546542,152126685,151976834,152104082,152018184,151728744,150951435,148281793
151575167,151893649,152126677,152063110,152103815,152054577,151728533,152200185,149554284
151004941,151351513,152126692,150304587,151281232,152054575,151728769,151427524,152174444
149031296,151351514,152126691,150999581,152103592,150615513,151728896,151626708,148281795
151636041,43369704,152126688,152085894,152103627,149889520,149887529,150727341,152174446
149031321,151328081,151616475,152042737,152162397,152010622,150408913,149147080,151791025
151004981,151237181,151810992,150117501,151239345,141092460,151563590,152168769,151436697
149300855,151982057,151616450,149348463,152063650,151530804,151775762,150494772,151941298
149031261,151843518,151616490,150999649,152104225,45409045,152193336,150494665,151941309
148794719,148646744,151810977,150631322,152103721,151426885,151832756,150564358,152174449
151824843,149006586,151875148,152192368,152104460,152022344,149390179,152121263,151755038
152152851,152125600,151810970,152100085,152103707,151903084,151791058,150494634,150415529
145609912,151605091,151810953,152192606,152143321,151989377,151817328,150494607,150966718
151005044,151990119,151616493,150738923,152104743,151989320,151791182,150494763,151941329
150910021,152204037,151610419,148791374,151117706,151996696,151431331,152122727,151572483
151005116,151903867,151951787,150829251,150365537,152002676,151235305,150197629,151064452
149031279,139378032,152114401,150619709,151118033,152068886,148748835,151066861,150966794
150459322,151726785,151610083,152192027,151117808,151213883,151906989,149913827,151064447
151005216,152130854,152094211,150654156,151117820,151346083,151616633,151352936,151743699
151005085,145970096,136838562,150999795,150460923,151978348,151116236,151352448,152088942
150679023,150976210,151610165,151233694,152198300,149641627,151906984,150799636,151186808
150678964,138287009,151609986,148539677,152124853,152002838,152135218,152063503,152088904
151456002,151952537,151359803,151085393,148411668,151554881,152095802,150382313,150918126
150531916,150439577,150758815,150918829,47783982,152195878,151383465,152166603,148452524
150070659,151453230,151359895,149574668,151521176,152018232,151656446,150559414,151330765
151894585,150692460,151875176,151406606,151825967,152194009,151636281,152153130,150835717
151575879,148985302,151875136,152100067,152103863,152018195,151728886,149147065,150859901
149031259,152069016,151811103,151463618,152103560,152054569,151728507,151490145,148281778
150346368,151546542,152126685,151976834,152104082,152054577,151728744,150951435,148281793
151575167,151893649,152126677,152063110,152103815,152018184,151728533,152200185,149554284
151004941,151351513,152126692,150304587,151281232,152054575,151728769,151427524,152174444
149031296,151351514,152126691,150999581,152103592,150615513,151728896,151626708,148281795
151636041,43369704,152126688,152085894,152103627,149889520,149887529,150727341,152174446
149031321,151328081,151616475,152042737,152162397,152010622,150408913,149147080,151791025
151004981,151237181,151810992,150117501,151239345,141092460,151563590,152168769,151436697
149300855,151982057,151616450,149348463,152063650,151530804,151775762,150494772,151941298
149031261,151843518,151616490,150999649,152104225,45409045,152193336,150494665,151941309
148794719,148646744,151810977,150631322,152103721,151426885,151832756,150564358,152174449
151824843,149006586,151875148,152192368,152104460,152022344,149390179,152121263,151755038
152152851,152125600,151810970,152100085,152103707,151903084,151791058,150494634,150415529
145609912,151605091,151810953,152192606,152143321,151989377,151817328,150494607,150966718
151005044,151990119,151616493,150738923,152104743,151989320,151791182,150494763,151941329
150910021,152204037,151610419,148791374,151117706,151996696,151431331,152122727,151572483
151005116,151903867,151951787,150829251,150365537,152002676,151235305,150197629,151064452
149031279,139378032,152114401,150619709,151118033,152068886,148748835,151066861,150966794
150459322,151726785,151610083,152192027,151117808,151213883,151906989,149913827,151064447
151005216,152130854,152094211,150654156,151117820,151346083,151616633,151352936,151743699
151005085,145970096,136838562,150999795,150460923,151978348,151116236,151352448,152088942
150679023,150976210,151610165,151233694,152198300,149641627,151906984,150799636,151186808
150678964,138287009,151609986,148539677,152124853,152002838,152135218,152063503,152088904
151818906,152178369,151963954,151602259,150914067,151346079,151615038,41460521,150882515
152142384,151522273,150047414,150602170,151520683,151521482,151522200,151522642,152163525
151733403,148388420,46624899,149954628,149686132,149399664,151521764,152139632,151276157
151894585,150692460,151875176,151406606,151825967,152194009,151636281,152153130,150835717
151575879,148985302,151875136,152100067,152103863,152018195,151728886,149147065,150859901
149031259,152069016,151811103,151463618,152103560,152054569,151728507,151490145,148281778
150346368,151546542,152126685,151976834,152104082,152054577,151728744,150951435,148281793
151575167,151893649,152126677,152063110,152103815,152018184,151728533,152200185,149554284
151004941,151351513,152126692,150304587,151281232,152054575,151728769,151427524,152174444
149031296,151351514,152126691,150999581,152103592,150615513,151728896,151626708,148281795
151636041,43369704,152126688,152085894,152103627,149889520,149887529,150727341,152174446
149031321,151328081,151616475,152042737,152162397,152010622,150408913,149147080,151791025
151004981,151237181,151810992,150117501,151239345,141092460,151563590,152168769,151436697
149300855,151982057,151616450,149348463,152063650,151530804,151775762,150494772,151941298
149031261,151843518,151616490,150999649,152104225,45409045,152193336,150494665,151941309
148794719,148646744,151810977,150631322,152103721,151426885,151832756,150564358,152174449
151824843,149006586,151875148,152192368,152104460,152022344,149390179,152121263,151755038
152152851,152125600,151810970,152100085,152103707,151903084,151791058,150494634,150415529
145609912,151605091,151810953,152192606,152143321,151989377,151817328,150494607,150966718
151005044,151990119,151616493,150738923,152104743,151989320,151791182,150494763,151941329
150910021,152204037,151610419,148791374,151117706,151996696,151431331,152122727,151572483
151005116,151903867,151951787,150829251,150365537,152002676,151235305,150197629,151064452
149031279,139378032,152114401,150619709,151118033,152068886,148748835,151066861,150966794
150459322,151726785,151610083,152192027,151117808,151213883,151906989,149913827,151064447
151005216,152130854,152094211,150654156,151117820,151346083,151616633,151352936,151743699
151005085,145970096,136838562,150999795,150460923,151978348,151116236,151352448,152088942
150679023,150976210,151610165,151233694,152198300,149641627,151906984,150799636,151186808
150678964,138287009,151609986,148539677,152124853,152002838,152135218,152063503,152088904
152142506,151490110,152149398,149954628,151056244,149599222,152047770,151948810,152066203
151070084,147947162,148288223,151737107,152136232,152039319,151522247,151833078,152163516
151432287,151371690,149517615,150984351,150773942,149975661,151728331,150379998,151029715
151894585,150692460,151875176,151406606,151825967,152194009,151636281,152153130,150835717
151575879,148985302,151875136,152100067,152103863,152018195,151728886,149147065,150859901
149031259,152069016,151811103,151463618,152103560,152054569,151728507,151490145,148281778
150346368,151546542,152126685,151976834,152104082,152018184,151728744,150951435,148281793
151575167,151893649,152126677,152063110,152103815,152054577,151728533,152200185,149554284
151004941,151351513,152126692,150304587,151281232,152054575,151728769,151427524,152174444
149031296,151351514,152126691,150999581,152103592,150615513,151728896,151626708,148281795
151636041,43369704,152126688,152085894,152103627,149889520,149887529,150727341,152174446
149031321,151328081,151616475,152042737,152162397,152010622,150408913,149147080,151791025
151004981,151237181,151810992,150117501,151239345,141092460,151563590,152168769,151436697
149300855,151982057,151616450,149348463,152063650,151530804,151775762,150494772,151941298
149031261,151843518,151616490,150999649,152104225,45409045,152193336,150494665,151941309
148794719,148646744,151810977,150631322,152103721,151426885,151832756,150564358,152174449
151824843,149006586,151875148,152192368,152104460,152022344,149390179,152121263,151755038
152152851,152125600,151810970,152100085,152103707,151903084,151791058,150494634,150415529
145609912,151605091,151810953,152192606,152143321,151989377,151817328,150494607,150966718
151005044,151990119,151616493,150738923,152104743,151989320,151791182,150494763,151941329
150910021,152204037,151610419,148791374,151117706,151996696,151431331,152122727,151572483
151005116,151903867,151951787,150829251,150365537,152002676,151235305,150197629,151064452
149031279,139378032,152114401,150619709,151118033,152068886,148748835,151066861,150966794
150459322,151726785,151610083,152192027,151117808,151213883,151906989,149913827,151064447
151005216,152130854,152094211,150654156,151117820,151346083,151616633,151352936,151743699
151005085,145970096,136838562,150999795,150460923,151978348,151116236,151352448,152088942
150679023,150976210,151610165,151233694,152198300,149641627,151906984,150799636,151186808
150678964,138287009,151609986,148539677,152124853,152002838,152135218,152063503,152088904
152068892,152129935,150857550,150936564,150298158,151479933,152174644,149670516,152163508
151432294,149244585,148288210,150314851,151268373,152018979,150955717,151570338,148931049
152112947,150352388,150468529,152125887,151056965,151461530,151522408,150458563,39048071
151894585,150692460,151875176,151406606,151825967,152194009,151636281,152153130,150835717
151575879,148985302,151875136,152100067,152103863,152018195,151728886,149147065,150859901
149031259,152069016,151811103,151463618,152103560,152054569,151728507,151490145,148281778
150346368,151546542,152126685,151976834,152104082,152018184,151728744,150951435,148281793
151575167,151893649,152126677,152063110,152103815,152054577,151728533,152200185,149554284
151004941,151351513,152126692,150304587,151281232,152054575,151728769,151427524,152174444
149031296,151351514,152126691,150999581,152103592,150615513,151728896,151626708,148281795
151636041,43369704,152126688,152085894,152103627,149889520,149887529,150727341,152174446
149031321,151328081,151616475,152042737,152162397,152010622,150408913,149147080,151791025
151004981,151237181,151810992,150117501,151239345,141092460,151563590,152168769,151436697
149300855,151982057,151616450,149348463,152063650,151530804,151775762,150494772,151941298
149031261,151843518,151616490,150999649,152104225,45409045,152193336,150494665,151941309
148794719,148646744,151810977,150631322,152103721,151426885,151832756,150564358,152174449
151824843,149006586,151875148,152192368,152104460,152022344,149390179,152121263,151755038
152152851,152125600,151810970,152100085,152103707,151903084,151791058,150494634,150415529
145609912,151605091,151810953,152192606,152143321,151989377,151817328,150494607,150966718
151005044,151990119,151616493,150738923,152104743,151989320,151791182,150494763,151941329
150910021,152204037,151610419,148791374,151117706,151996696,151431331,152122727,151572483
151005116,151903867,151951787,150829251,150365537,152002676,151235305,150197629,151064452
149031279,139378032,152114401,150619709,151118033,152068886,148748835,151066861,150966794
150459322,151726785,151610083,152192027,151117808,151213883,151906989,149913827,151064447
151005216,152130854,152094211,150654156,151117820,151346083,151616633,151352936,151743699
151005085,145970096,136838562,150999795,150460923,151978348,151116236,151352448,152088942
150679023,150976210,151610165,151233694,152198300,149641627,151906984,150799636,151186808
150678964,138287009,151609986,148539677,152124853,152002838,152135218,152063503,152088904
151070110,151746009,150662775,152134097,147840307,149266697,151521703,150967141,141203195
152141914,152064596,151987591,149816271,147782428,151900448,150430632,150379995,152163493
37623490,151982671,149552321,151932143,150921332,152034231,151522467,142262504,150758633
151894585,150692460,151875176,151406606,151825967,152194009,151636281,152153130,150835717
151575879,148985302,151875136,152100067,152103863,152018195,151728886,149147065,150859901
149031259,152069016,151811103,151463618,152103560,152054569,151728507,151490145,148281778
150346368,151546542,152126685,151976834,152104082,152018184,151728744,150951435,148281793
151575167,151893649,152126677,152063110,152103815,152054577,151728533,152200185,149554284
151004941,151351513,152126692,150304587,151281232,152054575,151728769,151427524,152174444
149031296,151351514,152126691,150999581,152103592,150615513,151728896,151626708,148281795
151636041,43369704,152126688,152085894,152103627,149889520,149887529,150727341,152174446
149031321,151328081,151616475,152042737,152162397,152010622,150408913,149147080,151791025
151004981,151237181,151810992,150117501,151239345,141092460,151563590,152168769,151436697
149300855,151982057,151616450,149348463,152063650,151530804,151775762,150494772,151941298
149031261,151843518,151616490,150999649,152104225,45409045,152193336,150494665,151941309
148794719,148646744,151810977,150631322,152103721,151426885,151832756,150564358,152174449
151824843,149006586,151875148,152192368,152104460,152022344,149390179,152121263,151755038
152152851,152125600,151810970,152100085,152103707,151903084,151791058,150494634,150415529
145609912,151605091,151810953,152192606,152143321,151989377,151817328,150494607,150966718
151005044,151990119,151616493,150738923,152104743,151989320,151791182,150494763,151941329
150910021,152204037,151610419,148791374,151117706,151996696,151431331,152122727,151572483
151005116,151903867,151951787,150829251,150365537,152002676,151235305,150197629,151064452
149031279,139378032,152114401,150619709,151118033,152068886,148748835,151066861,150966794
150459322,151726785,151610083,152192027,151117808,151213883,151906989,149913827,151064447
151005216,152130854,152094211,150654156,151117820,151346083,151616633,151352936,151743699
151005085,145970096,136838562,150999795,150460923,151978348,151116236,151352448,152088942
150679023,150976210,151610165,151233694,152198300,149641627,151906984,150799636,151186808
150678964,138287009,151609986,148539677,152124853,152002838,152135218,152063503,152088904
150934502,147627339,150609719,152122688,151921004,151132708,151522408,151618889,151379330
151070038,151746009,150615712,150864504,150914067,149524486,151957215,150101985,151521135
152142459,151344622,150150508,152206472,152146437,150105903,151522516,149576896,152204242
151894585,150692460,151875176,151406606,151825967,152194009,151636281,152153130,150835717
151575879,148985302,151875136,152100067,152103863,152018195,151728886,149147065,150859901
149031259,152069016,151811103,151463618,152103560,152054569,151728507,151490145,148281778
150346368,151546542,152126685,151976834,152104082,152018184,151728744,150951435,148281793
151575167,151893649,152126677,152063110,152103815,152054577,151728533,152200185,149554284
151004941,151351513,152126692,150304587,151281232,152054575,151728769,151427524,152174444
149031296,151351514,152126691,150999581,152103592,150615513,151728896,151626708,148281795
151636041,43369704,152126688,152085894,152103627,149889520,149887529,150727341,152174446
149031321,151328081,151616475,152042737,152162397,152010622,150408913,149147080,151791025
151004981,151237181,151810992,150117501,151239345,141092460,151563590,152168769,151436697
149300855,151982057,151616450,149348463,152063650,151530804,151775762,150494772,151941298
149031261,151843518,151616490,150999649,152104225,45409045,152193336,150494665,151941309
148794719,148646744,151810977,150631322,152103721,151426885,151832756,150564358,152174449
151824843,149006586,151875148,152192368,152104460,152022344,149390179,152121263,151755038
152152851,152125600,151810970,152100085,152103707,151903084,151791058,150494634,150415529
145609912,151605091,151810953,152192606,152143321,151989377,151817328,150494607,150966718
151005044,151990119,151616493,150738923,152104743,151989320,151791182,150494763,151941329
150910021,152204037,151610419,148791374,151117706,151996696,151431331,152122727,151572483
151005116,151903867,151951787,150829251,150365537,152002676,151235305,150197629,151064452
149031279,139378032,152114401,150619709,151118033,152068886,148748835,151066861,150966794
150459322,151726785,151610083,152192027,151117808,151213883,151906989,149913827,151064447
151005216,152130854,152094211,150654156,151117820,151346083,151616633,151352936,151743699
151005085,145970096,136838562,150999795,150460923,151978348,151116236,151352448,152088942
150679023,150976210,151610165,151233694,152198300,149641627,151906984,150799636,151186808
150678964,138287009,151609986,148539677,152124853,152002838,152135218,152063503,152088904
151570303,151482273,151610252,152157636,150639642,152023001,149352417,150706986,149195232
49836838,151521853,150889552,151993440,149309731,152150583,151521889,152166603,150963126
151842650,152153544,151521359,152206465,47785082,151507218,150493271,151608758,148503308
151894585,150692460,151875176,151406606,151825967,152194009,151636281,152153130,150835717
151575879,148985302,151875136,152100067,152103863,152018195,151728886,149147065,150859901
149031259,152069016,151811103,151463618,152103560,152054569,151728507,151490145,148281778
150346368,151546542,152126685,151976834,152104082,152054577,151728744,150951435,148281793
151575167,151893649,152126677,152063110,152103815,152018184,151728533,152200185,149554284
151004941,151351513,152126692,150304587,151281232,152054575,151728769,151427524,152174444
149031296,151351514,152126691,150999581,152103592,150615513,151728896,151626708,148281795
151636041,43369704,152126688,152085894,152103627,149889520,149887529,150727341,152174446
149031321,151328081,151616475,152042737,152162397,152010622,150408913,149147080,151791025
151004981,151237181,151810992,150117501,151239345,141092460,151563590,152168769,151436697
149300855,151982057,151616450,149348463,152063650,151530804,151775762,150494772,151941298
149031261,151843518,151616490,150999649,152104225,45409045,152193336,150494665,151941309
148794719,148646744,151810977,150631322,152103721,151426885,151832756,150564358,152174449
151824843,149006586,151875148,152192368,152104460,152022344,149390179,152121263,151755038
152152851,152125600,151810970,152100085,152103707,151903084,151791058,150494634,150415529
145609912,151605091,151810953,152192606,152143321,151989377,151817328,150494607,150966718
151005044,151990119,151616493,150738923,152104743,151989320,151791182,150494763,151941329
150910021,152204037,151610419,148791374,151117706,151996696,151431331,152122727,151572483
151005116,151903867,151951787,150829251,150365537,152002676,151235305,150197629,151064452
149031279,139378032,152114401,150619709,151118033,152068886,148748835,151066861,150966794
150459322,151726785,151610083,152192027,151117808,151213883,151906989,149913827,151064447
151005216,152130854,152094211,150654156,151117820,151346083,151616633,151352936,151743699
151005085,145970096,136838562,150999795,150460923,151978348,151116236,151352448,152088942
150679023,150976210,151610165,151233694,152198300,149641627,151906984,150799636,151186808
150678964,138287009,151609986,148539677,152124853,152002838,152135218,152063503,152088904
3435163,150823814,151359906,152206470,149617116,149524486,151149780,150754219,151521487
151199078,152033615,151521959,152206453,152136232,151830979,151667297,151619189,151521777
150716629,151456191,151997913,151529335,149280942,148406477,151737023,152034925,149131324
151894585,150692460,151875176,151406606,151825967,152194009,151636281,152153130,150835717
151575879,148985302,151875136,152100067,152103863,152018195,151728886,149147065,150859901
149031259,152069016,151811103,151463618,152103560,152054569,151728507,151490145,148281778
150346368,151546542,152126685,151976834,152104082,152018184,151728744,150951435,148281793
151575167,151893649,152126677,152063110,152103815,152054577,151728533,152200185,149554284
151004941,151351513,152126692,150304587,151281232,152054575,151728769,151427524,152174444
149031296,151351514,152126691,150999581,152103592,150615513,151728896,151626708,148281795
151636041,43369704,152126688,152085894,152103627,149889520,149887529,150727341,152174446
149031321,151328081,151616475,152042737,152162397,152010622,150408913,149147080,151791025
151004981,151237181,151810992,150117501,151239345,141092460,151563590,152168769,151436697
149300855,151982057,151616450,149348463,152063650,151530804,151775762,150494772,151941298
149031261,151843518,151616490,150999649,152104225,45409045,152193336,150494665,151941309
148794719,148646744,151810977,150631322,152103721,151426885,151832756,150564358,152174449
151824843,149006586,151875148,152192368,152104460,152022344,149390179,152121263,151755038
152152851,152125600,151810970,152100085,152103707,151903084,151791058,150494634,150415529
145609912,151605091,151810953,152192606,152143321,151989377,151817328,150494607,150966718
151005044,151990119,151616493,150738923,152104743,151989320,151791182,150494763,151941329
150910021,152204037,151610419,148791374,151117706,151996696,151431331,152122727,151572483
151005116,151903867,151951787,150829251,150365537,152002676,151235305,150197629,151064452
149031279,139378032,152114401,150619709,151118033,152068886,148748835,151066861,150966794
150459322,151726785,151610083,152192027,151117808,151213883,151906989,149913827,151064447
151005216,152130854,152094211,150654156,151117820,151346083,151616633,151352936,151743699
151005085,145970096,136838562,150999795,150460923,151978348,151116236,151352448,152088942
150679023,150976210,151610165,151233694,152198300,149641627,151906984,150799636,151186808
150678964,138287009,151609986,148539677,152124853,152002838,152135218,152063503,152088904
152130054,151453230,151883558,39672461,152146148,149602960,151233265,151248224,149714216
151978355,151521317,149670496,152176451,151410129,149634981,149254280,150104994,149124462
151359934,151641923,150196730,152055062,151863584,151882660,149510949,148906206,152163527
151894585,150692460,151875176,151406606,151825967,152194009,151636281,152153130,150835717
151575879,148985302,151875136,152100067,152103863,152018195,151728886,149147065,150859901
149031259,152069016,151811103,151463618,152103560,152054569,151728507,151490145,148281778
150346368,151546542,152126685,151976834,152104082,152018184,151728744,150951435,148281793
151575167,151893649,152126677,152063110,152103815,152054577,151728533,152200185,149554284
151004941,151351513,152126692,150304587,151281232,152054575,151728769,151427524,152174444
149031296,151351514,152126691,150999581,152103592,150615513,151728896,151626708,148281795
151636041,43369704,152126688,152085894,152103627,149889520,149887529,150727341,152174446
149031321,151328081,151616475,152042737,152162397,152010622,150408913,149147080,151791025
151004981,151237181,151810992,150117501,151239345,141092460,151563590,152168769,151436697
149300855,151982057,151616450,149348463,152063650,151530804,151775762,150494772,151941298
149031261,151843518,151616490,150999649,152104225,45409045,152193336,150494665,151941309
148794719,148646744,151810977,150631322,152103721,151426885,151832756,150564358,152174449
151824843,149006586,151875148,152192368,152104460,152022344,149390179,152121263,151755038
152152851,152125600,151810970,152100085,152103707,151903084,151791058,150494634,150415529
145609912,151605091,151810953,152192606,152143321,151989377,151817328,150494607,150966718
151005044,151990119,151616493,150738923,152104743,151989320,151791182,150494763,151941329
150910021,152204037,151610419,148791374,151117706,151996696,151431331,152122727,151572483
151005116,151903867,151951787,150829251,150365537,152002676,151235305,150197629,151064452
149031279,139378032,152114401,150619709,151118033,152068886,148748835,151066861,150966794
150459322,151726785,151610083,152192027,151117808,151213883,151906989,149913827,151064447
151005216,152130854,152094211,150654156,151117820,151346083,151616633,151352936,151743699
151005085,145970096,136838562,150999795,150460923,151978348,151116236,151352448,152088942
150679023,150976210,151610165,151233694,152198300,149641627,151906984,150799636,151186808
150678964,138287009,151609986,148539677,152124853,152002838,152135218,152063503,152088904
152110711,149885623,151345772,152176451,47783982,150891470,152208798,150458569,151212977
150919303,151554288,152010614,149827906,151520537,151522472,149352417,150652916,152204269
149988577,150616020,151560432,151522339,150365662,152020787,152205379,151780414,151981924
151894585,150692460,151875176,151406606,151825967,152194009,151636281,152153130,150835717
151575879,148985302,151875136,152100067,152103863,152018195,151728886,149147065,150859901
149031259,152069016,151811103,151463618,152103560,152054569,151728507,151490145,148281778
150346368,151546542,152126685,151976834,152104082,152018184,151728744,150951435,148281793
151575167,151893649,152126677,152063110,152103815,152054577,151728533,152200185,149554284
151004941,151351513,152126692,150304587,151281232,152054575,151728769,151427524,152174444
149031296,151351514,152126691,150999581,152103592,150615513,151728896,151626708,148281795
151636041,43369704,152126688,152085894,152103627,149889520,149887529,150727341,152174446
149031321,151328081,151616475,152042737,152162397,152010622,150408913,149147080,151791025
151004981,151237181,151810992,150117501,151239345,141092460,151563590,152168769,151436697
149300855,151982057,151616450,149348463,152063650,151530804,151775762,150494772,151941298
149031261,151843518,151616490,150999649,152104225,45409045,152193336,150494665,151941309
148794719,148646744,151810977,150631322,152103721,151426885,151832756,150564358,152174449
151824843,149006586,151875148,152192368,152104460,152022344,149390179,152121263,151755038
152152851,152125600,151810970,152100085,152103707,151903084,151791058,150494634,150415529
145609912,151605091,151810953,152192606,152143321,151989377,151817328,150494607,150966718
151005044,151990119,151616493,150738923,152104743,151989320,151791182,150494763,151941329
150910021,152204037,151610419,148791374,151117706,151996696,151431331,152122727,151572483
151005116,151903867,151951787,150829251,150365537,152002676,151235305,150197629,151064452
149031279,139378032,152114401,150619709,151118033,152068886,148748835,151066861,150966794
150459322,151726785,151610083,152192027,151117808,151213883,151906989,149913827,151064447
151005216,152130854,152094211,150654156,151117820,151346083,151616633,151352936,151743699
151005085,145970096,136838562,150999795,150460923,151978348,151116236,151352448,152088942
150679023,150976210,151610165,151233694,152198300,149641627,151906984,150799636,151186808
150678964,138287009,151609986,148539677,152124853,152002838,152135218,152063503,152088904
151359993,150639734,151576053,150731309,151620432,141036328,150698744,150197630,151524635
30352258,152205630,150759121,152045331,151863584,149474854,151521764,151441798,150649809
152191179,151371690,152070891,151121651,152129360,151900448,151728331,151521197,151868718
151894585,150692460,151875176,151406606,151825967,152194009,151636281,152153130,150835717
151575879,148985302,151875136,152100067,152103863,152018195,151728886,149147065,150859901
149031259,152069016,151811103,151463618,152103560,152054569,151728507,151490145,148281778
150346368,151546542,152126685,151976834,152104082,152054577,151728744,150951435,148281793
151575167,151893649,152126677,152063110,152103815,152018184,151728533,152200185,149554284
151004941,151351513,152126692,150304587,151281232,152054575,151728769,151427524,152174444
149031296,151351514,152126691,150999581,152103592,150615513,151728896,151626708,148281795
151636041,43369704,152126688,152085894,152103627,149889520,149887529,150727341,152174446
149031321,151328081,151616475,152042737,152162397,152010622,150408913,149147080,151791025
151004981,151237181,151810992,150117501,151239345,141092460,151563590,152168769,151436697
149300855,151982057,151616450,149348463,152063650,151530804,151775762,150494772,151941298
149031261,151843518,151616490,150999649,152104225,45409045,152193336,150494665,151941309
148794719,148646744,151810977,150631322,152103721,151426885,151832756,150564358,152174449
151824843,149006586,151875148,152192368,152104460,152022344,149390179,152121263,151755038
152152851,152125600,151810970,152100085,152103707,151903084,151791058,150494634,150415529
145609912,151605091,151810953,152192606,152143321,151989377,151817328,150494607,150966718
151005044,151990119,151616493,150738923,152104743,151989320,151791182,150494763,151941329
150910021,152204037,151610419,148791374,151117706,151996696,151431331,152122727,151572483
151005116,151903867,151951787,150829251,150365537,152002676,151235305,150197629,151064452
149031279,139378032,152114401,150619709,151118033,152068886,148748835,151066861,150966794
150459322,151726785,151610083,152192027,151117808,151213883,151906989,149913827,151064447
151005216,152130854,152094211,150654156,151117820,151346083,151616633,151352936,151743699
151005085,145970096,136838562,150999795,150460923,151978348,151116236,151352448,152088942
150679023,150976210,151610165,151233694,152198300,149641627,151906984,150799636,151186808
150678964,138287009,151609986,148539677,152124853,152002838,152135218,152063503,152088904
149553006,150247120,151407202,151733317,149617116,149685322,151522408,152034925,151521118
49362529,152205630,151963954,150452191,152204195,150103428,49784869,152019058,150918120
150882493,151344622,151359906,152105201,151521586,150604245,150329655,150652907,152204275
151894585,150692460,151875176,151406606,151825967,152194009,151636281,152153130,150835717
151575879,148985302,151875136,152100067,152103863,152018195,151728886,149147065,150859901
149031259,152069016,151811103,151463618,152103560,152054569,151728507,151490145,148281778
150346368,151546542,152126685,151976834,152104082,152018184,151728744,150951435,148281793
151575167,151893649,152126677,152063110,152103815,152054577,151728533,152200185,149554284
151004941,151351513,152126692,150304587,151281232,152054575,151728769,151427524,152174444
149031296,151351514,152126691,150999581,152103592,150615513,151728896,151626708,148281795
151636041,43369704,152126688,152085894,152103627,149889520,149887529,150727341,152174446
149031321,151328081,151616475,152042737,152162397,152010622,150408913,149147080,151791025
151004981,151237181,151810992,150117501,151239345,141092460,151563590,152168769,151436697
149300855,151982057,151616450,149348463,152063650,151530804,151775762,150494772,151941298
149031261,151843518,151616490,150999649,152104225,45409045,152193336,150494665,151941309
148794719,148646744,151810977,150631322,152103721,151426885,151832756,150564358,152174449
151824843,149006586,151875148,152192368,152104460,152022344,149390179,152121263,151755038
152152851,152125600,151810970,152100085,152103707,151903084,151791058,150494634,150415529
145609912,151605091,151810953,152192606,152143321,151989377,151817328,150494607,150966718
151005044,151990119,151616493,150738923,152104743,151989320,151791182,150494763,151941329
150910021,152204037,151610419,148791374,151117706,151996696,151431331,152122727,151572483
151005116,151903867,151951787,150829251,150365537,152002676,151235305,150197629,151064452
149031279,139378032,152114401,150619709,151118033,152068886,148748835,151066861,150966794
150459322,151726785,151610083,152192027,151117808,151213883,151906989,149913827,151064447
151005216,152130854,152094211,150654156,151117820,151346083,151616633,151352936,151743699
151005085,145970096,136838562,150999795,150460923,151978348,151116236,151352448,152088942
150679023,150976210,151610165,151233694,152198300,149641627,151906984,150799636,151186808
150678964,138287009,151609986,148539677,152124853,152002838,152135218,152063503,152088904
152047581,151538425,150150508,151437904,151268373,149517620,150508561,152134006,151756387
151502553,151746009,151521105,151522295,152136232,149062276,151132680,151619189,152163512
150464047,148811225,150889552,151386023,147779876,12375649,151522200,151001831,151521267
151894585,150692460,151875176,151406606,151825967,152194009,151636281,152153130,150835717
151575879,148985302,151875136,152100067,152103863,152018195,151728886,149147065,150859901
149031259,152069016,151811103,151463618,152103560,152054569,151728507,151490145,148281778
150346368,151546542,152126685,151976834,152104082,152018184,151728744,150951435,148281793
151575167,151893649,152126677,152063110,152103815,152054577,151728533,152200185,149554284
151004941,151351513,152126692,150304587,151281232,152054575,151728769,151427524,152174444
149031296,151351514,152126691,150999581,152103592,150615513,151728896,151626708,148281795
151636041,43369704,152126688,152085894,152103627,149889520,149887529,150727341,152174446
149031321,151328081,151616475,152042737,152162397,152010622,150408913,149147080,151791025
151004981,151237181,151810992,150117501,151239345,141092460,151563590,152168769,151436697
149300855,151982057,151616450,149348463,152063650,151530804,151775762,150494772,151941298
149031261,151843518,151616490,150999649,152104225,45409045,152193336,150494665,151941309
148794719,148646744,151810977,150631322,152103721,151426885,151832756,150564358,152174449
151824843,149006586,151875148,152192368,152104460,152022344,149390179,152121263,151755038
152152851,152125600,151810970,152100085,152103707,151903084,151791058,150494634,150415529
145609912,151605091,151810953,152192606,152143321,151989377,151817328,150494607,150966718
151005044,151990119,151616493,150738923,152104743,151989320,151791182,150494763,151941329
150910021,152204037,151610419,148791374,151117706,151996696,151431331,152122727,151572483
151005116,151903867,151951787,150829251,150365537,152002676,151235305,150197629,151064452
149031279,139378032,152114401,150619709,151118033,152068886,148748835,151066861,150966794
150459322,151726785,151610083,152192027,151117808,151213883,151906989,149913827,151064447
151005216,152130854,152094211,150654156,151117820,151346083,151616633,151352936,151743699
151005085,145970096,136838562,150999795,150460923,151978348,151116236,151352448,152088942
150679023,150976210,151610165,151233694,152198300,149641627,151906984,150799636,151186808
150678964,138287009,151609986,148539677,152124853,152002838,152135218,152063503,152088904
151056958,150247120,148929522,149385754,47689077,47680262,151615138,145987955,152204261
147726787,151521317,151359792,152138270,151522064,150980101,150078084,151828120,148940120
152054195,148456298,51711824,151929676,152203562,151006199,49784869,151613657,149131324
151894585,150692460,151875176,151406606,151825967,152194009,151636281,152153130,150835717
151575879,148985302,151875136,152100067,152103863,152018195,151728886,149147065,150859901
149031259,152069016,151811103,151463618,152103560,152054569,151728507,151490145,148281778
150346368,151546542,152126685,151976834,152104082,152018184,151728744,150951435,148281793
151575167,151893649,152126677,152063110,152103815,152054577,151728533,152200185,149554284
151004941,151351513,152126692,150304587,151281232,152054575,151728769,151427524,152174444
149031296,151351514,152126691,150999581,152103592,150615513,151728896,151626708,148281795
151636041,43369704,152126688,152085894,152103627,149889520,149887529,150727341,152174446
149031321,151328081,151616475,152042737,152162397,152010622,150408913,149147080,151791025
151004981,151237181,151810992,150117501,151239345,141092460,151563590,152168769,151436697
149300855,151982057,151616450,149348463,152063650,151530804,151775762,150494772,151941298
149031261,151843518,151616490,150999649,152104225,45409045,152193336,150494665,151941309
148794719,148646744,151810977,150631322,152103721,151426885,151832756,150564358,152174449
151824843,149006586,151875148,152192368,152104460,152022344,149390179,152121263,151755038
152152851,152125600,151810970,152100085,152103707,151903084,151791058,150494634,150415529
145609912,151605091,151810953,152192606,152143321,151989377,151817328,150494607,150966718
151005044,151990119,151616493,150738923,152104743,151989320,151791182,150494763,151941329
150910021,152204037,151610419,148791374,151117706,151996696,151431331,152122727,151572483
151005116,151903867,151951787,150829251,150365537,152002676,151235305,150197629,151064452
149031279,139378032,152114401,150619709,151118033,152068886,148748835,151066861,150966794
150459322,151726785,151610083,152192027,151117808,151213883,151906989,149913827,151064447
151005216,152130854,152094211,150654156,151117820,151346083,151616633,151352936,151743699
151005085,145970096,136838562,150999795,150460923,151978348,151116236,151352448,152088942
150679023,150976210,151610165,151233694,152198300,149641627,151906984,150799636,151186808
150678964,138287009,151609986,148539677,152124853,152002838,152135218,152063503,152088904
48902761,151333204,149504415,150508155,150557658,149524486,151667297,150627519,152011380
152142610,149244585,151948395,146348734,150914067,149599297,151233265,150458559,151330794
137443463,150352388,149887521,151929676,149829081,148557529,151923596,151636613,151882473
151894585,150692460,151875176,151406606,151825967,152194009,151636281,152153130,150835717
151575879,148985302,151875136,152100067,152103863,152018195,151728886,149147065,150859901
149031259,152069016,151811103,151463618,152103560,152054569,151728507,151490145,148281778
150346368,151546542,152126685,151976834,152104082,152018184,151728744,150951435,148281793
151575167,151893649,152126677,152063110,152103815,152054577,151728533,152200185,149554284
151004941,151351513,152126692,150304587,151281232,152054575,151728769,151427524,152174444
149031296,151351514,152126691,150999581,152103592,150615513,151728896,151626708,148281795
151636041,43369704,152126688,152085894,152103627,149889520,149887529,150727341,152174446
149031321,151328081,151616475,152042737,152162397,152010622,150408913,149147080,151791025
151004981,151237181,151810992,150117501,151239345,141092460,151563590,152168769,151436697
149300855,151982057,151616450,149348463,152063650,151530804,151775762,150494772,151941298
149031261,151843518,151616490,150999649,152104225,45409045,152193336,150494665,151941309
148794719,148646744,151810977,150631322,152103721,151426885,151832756,150564358,152174449
151824843,149006586,151875148,152192368,152104460,152022344,149390179,152121263,151755038
152152851,152125600,151810970,152100085,152103707,151903084,151791058,150494634,150415529
145609912,151605091,151810953,152192606,152143321,151989377,151817328,150494607,150966718
151005044,151990119,151616493,150738923,152104743,151989320,151791182,150494763,151941329
150910021,152204037,151610419,148791374,151117706,151996696,151431331,152122727,151572483
151005116,151903867,151951787,150829251,150365537,152002676,151235305,150197629,151064452
149031279,139378032,152114401,150619709,151118033,152068886,148748835,151066861,150966794
150459322,151726785,151610083,152192027,151117808,151213883,151906989,149913827,151064447
151005216,152130854,152094211,150654156,151117820,151346083,151616633,151352936,151743699
151005085,145970096,136838562,150999795,150460923,151978348,151116236,151352448,152088942
150679023,150976210,151610165,151233694,152198300,149641627,151906984,150799636,151186808
150678964,138287009,151609986,148539677,152124853,152002838,152135218,152063503,152088904
149027343,152136491,149554247,150472536,149829081,151830979,151630756,150257500,150719474
150090582,152178369,150405910,151505737,148356527,151522472,150724940,150458558,150559902
150410665,151522275,151550930,150246234,151520537,150103428,152205379,148423088,151910868
151894585,150692460,151875176,151406606,151825967,152194009,151636281,152153130,150835717
151575879,148985302,151875136,152100067,152103863,152018195,151728886,149147065,150859901
149031259,152069016,151811103,151463618,152103560,152054569,151728507,151490145,148281778
150346368,151546542,152126685,151976834,152104082,152054577,151728744,150951435,148281793
151575167,151893649,152126677,152063110,152103815,152018184,151728533,152200185,149554284
151004941,151351513,152126692,150304587,151281232,152054575,151728769,151427524,152174444
149031296,151351514,152126691,150999581,152103592,150615513,151728896,151626708,148281795
151636041,43369704,152126688,152085894,152103627,149889520,149887529,150727341,152174446
149031321,151328081,151616475,152042737,152162397,152010622,150408913,149147080,151791025
151004981,151237181,151810992,150117501,151239345,141092460,151563590,152168769,151436697
149300855,151982057,151616450,149348463,152063650,151530804,151775762,150494772,151941298
149031261,151843518,151616490,150999649,152104225,45409045,152193336,150494665,151941309
148794719,148646744,151810977,150631322,152103721,151426885,151832756,150564358,152174449
151824843,149006586,151875148,152192368,152104460,152022344,149390179,152121263,151755038
152152851,152125600,151810970,152100085,152103707,151903084,151791058,150494634,150415529
145609912,151605091,151810953,152192606,152143321,151989377,151817328,150494607,150966718
151005044,151990119,151616493,150738923,152104743,151989320,151791182,150494763,151941329
150910021,152204037,151610419,148791374,151117706,151996696,151431331,152122727,151572483
151005116,151903867,151951787,150829251,150365537,152002676,151235305,150197629,151064452
149031279,139378032,152114401,150619709,151118033,152068886,148748835,151066861,150966794
150459322,151726785,151610083,152192027,151117808,151213883,151906989,149913827,151064447
151005216,152130854,152094211,150654156,151117820,151346083,151616633,151352936,151743699
151005085,145970096,136838562,150999795,150460923,151978348,151116236,151352448,152088942
150679023,150976210,151610165,151233694,152198300,149641627,151906984,150799636,151186808
150678964,138287009,151609986,148539677,152124853,152002838,152135218,152063503,152088904
151359962,151721749,151018447,151102954,151521664,152049577,44892703,151490611,152055003
151456002,151875603,149362802,152125887,151056244,151562885,146410184,151511646,151991557
151359767,150823814,148622262,151591660,151415522,152135734,151728331,151920895,152022610
151894585,150692460,151875176,151406606,151825967,152194009,151636281,152153130,150835717
151575879,148985302,151875136,152100067,152103863,152018195,151728886,149147065,150859901
149031259,152069016,151811103,151463618,152103560,152054569,151728507,151490145,148281778
150346368,151546542,152126685,151976834,152104082,152018184,151728744,150951435,148281793
151575167,151893649,152126677,152063110,152103815,152054577,151728533,152200185,149554284
151004941,151351513,152126692,150304587,151281232,152054575,151728769,151427524,152174444
149031296,151351514,152126691,150999581,152103592,150615513,151728896,151626708,148281795
151636041,43369704,152126688,152085894,152103627,149889520,149887529,150727341,152174446
149031321,151328081,151616475,152042737,152162397,152010622,150408913,149147080,151791025
151004981,151237181,151810992,150117501,151239345,141092460,151563590,152168769,151436697
149300855,151982057,151616450,149348463,152063650,151530804,151775762,150494772,151941298
149031261,151843518,151616490,150999649,152104225,45409045,152193336,150494665,151941309
148794719,148646744,151810977,150631322,152103721,151426885,151832756,150564358,152174449
151824843,149006586,151875148,152192368,152104460,152022344,149390179,152121263,151755038
152152851,152125600,151810970,152100085,152103707,151903084,151791058,150494634,150415529
145609912,151605091,151810953,152192606,152143321,151989377,151817328,150494607,150966718
151005044,151990119,151616493,150738923,152104743,151989320,151791182,150494763,151941329
150910021,152204037,151610419,148791374,151117706,151996696,151431331,152122727,151572483
151005116,151903867,151951787,150829251,150365537,152002676,151235305,150197629,151064452
149031279,139378032,152114401,150619709,151118033,152068886,148748835,151066861,150966794
150459322,151726785,151610083,152192027,151117808,151213883,151906989,149913827,151064447
151005216,152130854,152094211,150654156,151117820,151346083,151616633,151352936,151743699
151005085,145970096,136838562,150999795,150460923,151978348,151116236,151352448,152088942
150679023,150976210,151610165,151233694,152198300,149641627,151906984,150799636,151186808
150678964,138287009,151609986,148539677,152124853,152002838,152135218,152063503,152088904
142814907,147627339,151276988,148588660,152137528,149685322,151521024,147347705,151166317
151359787,151371690,151359792,150472534,145187597,151997510,150774480,151619187,151849067
150652922,151641923,151359808,151616269,152129538,150273434,150748188,151833085,152163589
151894585,150692460,151875176,151406606,151825967,152194009,151636281,152153130,150835717
151575879,148985302,151875136,152100067,152103863,152018195,151728886,149147065,150859901
149031259,152069016,151811103,151463618,152103560,152054569,151728507,151490145,148281778
150346368,151546542,152126685,151976834,152104082,152054577,151728744,150951435,148281793
151575167,151893649,152126677,152063110,152103815,152018184,151728533,152200185,149554284
151004941,151351513,152126692,150304587,151281232,152054575,151728769,151427524,152174444
149031296,151351514,152126691,150999581,152103592,150615513,151728896,151626708,148281795
151636041,43369704,152126688,152085894,152103627,149889520,149887529,150727341,152174446
149031321,151328081,151616475,152042737,152162397,152010622,150408913,149147080,151791025
151004981,151237181,151810992,150117501,151239345,141092460,151563590,152168769,151436697
149300855,151982057,151616450,149348463,152063650,151530804,151775762,150494772,151941298
149031261,151843518,151616490,150999649,152104225,45409045,152193336,150494665,151941309
148794719,148646744,151810977,150631322,152103721,151426885,151832756,150564358,152174449
151824843,149006586,151875148,152192368,152104460,152022344,149390179,152121263,151755038
152152851,152125600,151810970,152100085,152103707,151903084,151791058,150494634,150415529
145609912,151605091,151810953,152192606,152143321,151989377,151817328,150494607,150966718
151005044,151990119,151616493,150738923,152104743,151989320,151791182,150494763,151941329
150910021,152204037,151610419,148791374,151117706,151996696,151431331,152122727,151572483
151005116,151903867,151951787,150829251,150365537,152002676,151235305,150197629,151064452
149031279,139378032,152114401,150619709,151118033,152068886,148748835,151066861,150966794
150459322,151726785,151610083,152192027,151117808,151213883,151906989,149913827,151064447
151005216,152130854,152094211,150654156,151117820,151346083,151616633,151352936,151743699
151005085,145970096,136838562,150999795,150460923,151978348,151116236,151352448,152088942
150679023,150976210,151610165,151233694,152198300,149641627,151906984,150799636,151186808
150678964,138287009,151609986,148539677,152124853,152002838,152135218,152063503,152088904
151359993,148890939,149362802,151750801,150048517,151507218,150160142,150559895,151570382
152142459,151544708,149670496,140345710,151521664,152037753,151918063,145984726,151408776
151456002,151794799,152039252,152138270,151420870,152062999,149510949,151809090,150360964
151894585,150692460,151875176,151406606,151825967,152194009,151636281,152153130,150835717
151575879,148985302,151875136,152100067,152103863,152018195,151728886,149147065,150859901
149031259,152069016,151811103,151463618,152103560,152054569,151728507,151490145,148281778
150346368,151546542,152126685,151976834,152104082,152054577,151728744,150951435,148281793
151575167,151893649,152126677,152063110,152103815,152018184,151728533,152200185,149554284
151004941,151351513,152126692,150304587,151281232,152054575,151728769,151427524,152174444
149031296,151351514,152126691,150999581,152103592,150615513,151728896,151626708,148281795
151636041,43369704,152126688,152085894,152103627,149889520,149887529,150727341,152174446
149031321,151328081,151616475,152042737,152162397,152010622,150408913,149147080,151791025
151004981,151237181,151810992,150117501,151239345,141092460,151563590,152168769,151436697
149300855,151982057,151616450,149348463,152063650,151530804,151775762,150494772,151941298
149031261,151843518,151616490,150999649,152104225,45409045,152193336,150494665,151941309
148794719,148646744,151810977,150631322,152103721,151426885,151832756,150564358,152174449
151824843,149006586,151875148,152192368,152104460,152022344,149390179,152121263,151755038
152152851,152125600,151810970,152100085,152103707,151903084,151791058,150494634,150415529
145609912,151605091,151810953,152192606,152143321,151989377,151817328,150494607,150966718
151005044,151990119,151616493,150738923,152104743,151989320,151791182,150494763,151941329
150910021,152204037,151610419,148791374,151117706,151996696,151431331,152122727,151572483
151005116,151903867,151951787,150829251,150365537,152002676,151235305,150197629,151064452
149031279,139378032,152114401,150619709,151118033,152068886,148748835,151066861,150966794
150459322,151726785,151610083,152192027,151117808,151213883,151906989,149913827,151064447
151005216,152130854,152094211,150654156,151117820,151346083,151616633,151352936,151743699
151005085,145970096,136838562,150999795,150460923,151978348,151116236,151352448,152088942
150679023,150976210,151610165,151233694,152198300,149641627,151906984,150799636,151186808
150678964,138287009,151609986,148539677,152124853,152002838,152135218,152063503,152088904
150531751,151798945,149554247,151750801,151349606,150105903,151656446,151179988,149777487
147850458,151163076,151759324,151102954,152102578,150994223,149510949,151619187,151910812
144137736,150757727,150609719,151522390,148321206,149019231,151378222,150255917,151005698
151894585,150692460,151875176,151406606,151825967,152194009,151636281,152153130,150835717
151575879,148985302,151875136,152100067,152103863,152018195,151728886,149147065,150859901
149031259,152069016,151811103,151463618,152103560,152054569,151728507,151490145,148281778
150346368,151546542,152126685,151976834,152104082,152054577,151728744,150951435,148281793
151575167,151893649,152126677,152063110,152103815,152018184,151728533,152200185,149554284
151004941,151351513,152126692,150304587,151281232,152054575,151728769,151427524,152174444
149031296,151351514,152126691,150999581,152103592,150615513,151728896,151626708,148281795
151636041,43369704,152126688,152085894,152103627,149889520,149887529,150727341,152174446
149031321,151328081,151616475,152042737,152162397,152010622,150408913,149147080,151791025
151004981,151237181,151810992,150117501,151239345,141092460,151563590,152168769,151436697
149300855,151982057,151616450,149348463,152063650,151530804,151775762,150494772,151941298
149031261,151843518,151616490,150999649,152104225,45409045,152193336,150494665,151941309
148794719,148646744,151810977,150631322,152103721,151426885,151832756,150564358,152174449
151824843,149006586,151875148,152192368,152104460,152022344,149390179,152121263,151755038
152152851,152125600,151810970,152100085,152103707,151903084,151791058,150494634,150415529
145609912,151605091,151810953,152192606,152143321,151989377,151817328,150494607,150966718
151005044,151990119,151616493,150738923,152104743,151989320,151791182,150494763,151941329
150910021,152204037,151610419,148791374,151117706,151996696,151431331,152122727,151572483
151005116,151903867,151951787,150829251,150365537,152002676,151235305,150197629,151064452
149031279,139378032,152114401,150619709,151118033,152068886,148748835,151066861,150966794
150459322,151726785,151610083,152192027,151117808,151213883,151906989,149913827,151064447
151005216,152130854,152094211,150654156,151117820,151346083,151616633,151352936,151743699
151005085,145970096,136838562,150999795,150460923,151978348,151116236,151352448,152088942
150679023,150976210,151610165,151233694,152198300,149641627,151906984,150799636,151186808
150678964,138287009,151609986,148539677,152124853,152002838,152135218,152063503,152088904
150865029,150927921,151522417,148757287,148637914,151522586,151557126,150627519,46909692
151882589,151625901,151522315,150731309,151792211,147809485,149510949,151563561,152163530
151034743,147627339,151359895,151522295,150784639,152113078,152200335,150472968,148930406
151894585,150692460,151875176,151406606,151825967,152194009,151636281,152153130,150835717
151575879,148985302,151875136,152100067,152103863,152018195,151728886,149147065,150859901
149031259,152069016,151811103,151463618,152103560,152054569,151728507,151490145,148281778
150346368,151546542,152126685,151976834,152104082,152054577,151728744,150951435,148281793
151575167,151893649,152126677,152063110,152103815,152018184,151728533,152200185,149554284
151004941,151351513,152126692,150304587,151281232,152054575,151728769,151427524,152174444
149031296,151351514,152126691,150999581,152103592,150615513,151728896,151626708,148281795
151636041,43369704,152126688,152085894,152103627,149889520,149887529,150727341,152174446
149031321,151328081,151616475,152042737,152162397,152010622,150408913,149147080,151791025
151004981,151237181,151810992,150117501,151239345,141092460,151563590,152168769,151436697
149300855,151982057,151616450,149348463,152063650,151530804,151775762,150494772,151941298
149031261,151843518,151616490,150999649,152104225,45409045,152193336,150494665,151941309
148794719,148646744,151810977,150631322,152103721,151426885,151832756,150564358,152174449
151824843,149006586,151875148,152192368,152104460,152022344,149390179,152121263,151755038
152152851,152125600,151810970,152100085,152103707,151903084,151791058,150494634,150415529
145609912,151605091,151810953,152192606,152143321,151989377,151817328,150494607,150966718
151005044,151990119,151616493,150738923,152104743,151989320,151791182,150494763,151941329
150910021,152204037,151610419,148791374,151117706,151996696,151431331,152122727,151572483
151005116,151903867,151951787,150829251,150365537,152002676,151235305,150197629,151064452
149031279,139378032,152114401,150619709,151118033,152068886,148748835,151066861,150966794
150459322,151726785,151610083,152192027,151117808,151213883,151906989,149913827,151064447
151005216,152130854,152094211,150654156,151117820,151346083,151616633,151352936,151743699
151005085,145970096,136838562,150999795,150460923,151978348,151116236,151352448,152088942
150679023,150976210,151610165,151233694,152198300,149641627,151906984,150799636,151186808
150678964,138287009,151609986,148539677,152124853,152002838,152135218,152063503,152088904
151750203,149713996,150639197,152121403,150381973,152046819,151922374,150955053,150973341
151980508,152069222,150916607,151900655,151929681,152194056,151522245,151850843,150507587
149433745,151448096,149835181,149816271,150639642,149230555,151923596,150555653,151466714
151894585,150692460,151875176,151406606,151825967,152194009,151636281,152153130,150835717
151575879,148985302,151875136,152100067,152103863,152018195,151728886,149147065,150859901
149031259,152069016,151811103,151463618,152103560,152054569,151728507,151490145,148281778
150346368,151546542,152126685,151976834,152104082,152018184,151728744,150951435,148281793
151575167,151893649,152126677,152063110,152103815,152054577,151728533,152200185,149554284
151004941,151351513,152126692,150304587,151281232,152054575,151728769,151427524,152174444
149031296,151351514,152126691,150999581,152103592,150615513,151728896,151626708,148281795
151636041,43369704,152126688,152085894,152103627,149889520,149887529,150727341,152174446
149031321,151328081,151616475,152042737,152162397,152010622,150408913,149147080,151791025
151004981,151237181,151810992,150117501,151239345,141092460,151563590,152168769,151436697
149300855,151982057,151616450,149348463,152063650,151530804,151775762,150494772,151941298
149031261,151843518,151616490,150999649,152104225,45409045,152193336,150494665,151941309
148794719,148646744,151810977,150631322,152103721,151426885,151832756,150564358,152174449
151824843,149006586,151875148,152192368,152104460,152022344,149390179,152121263,151755038
152152851,152125600,151810970,152100085,152103707,151903084,151791058,150494634,150415529
145609912,151605091,151810953,152192606,152143321,151989377,151817328,150494607,150966718
151005044,151990119,151616493,150738923,152104743,151989320,151791182,150494763,151941329
150910021,152204037,151610419,148791374,151117706,151996696,151431331,152122727,151572483
151005116,151903867,151951787,150829251,150365537,152002676,151235305,150197629,151064452
149031279,139378032,152114401,150619709,151118033,152068886,148748835,151066861,150966794
150459322,151726785,151610083,152192027,151117808,151213883,151906989,149913827,151064447
151005216,152130854,152094211,150654156,151117820,151346083,151616633,151352936,151743699
151005085,145970096,136838562,150999795,150460923,151978348,151116236,151352448,152088942
150679023,150976210,151610165,151233694,152198300,149641627,151906984,150799636,151186808
150678964,138287009,151609986,148539677,152124853,152002838,152135218,152063503,152088904
149670596,151123434,151891248,148909703,150738160,152034492,151522245,150652916,152031827
151977301,151026454,152196172,150755498,149580848,152018979,151490158,152018691,50153470
151432288,151582769,149292129,151386023,152005906,152035752,149578865,142262504,45632323
151894585,150692460,151875176,151406606,151825967,152194009,151636281,152153130,150835717
151575879,148985302,151875136,152100067,152103863,152018195,151728886,149147065,150859901
149031259,152069016,151811103,151463618,152103560,152054569,151728507,151490145,148281778
150346368,151546542,152126685,151976834,152104082,152018184,151728744,150951435,148281793
151575167,151893649,152126677,152063110,152103815,152054577,151728533,152200185,149554284
151004941,151351513,152126692,150304587,151281232,152054575,151728769,151427524,152174444
149031296,151351514,152126691,150999581,152103592,150615513,151728896,151626708,148281795
151636041,43369704,152126688,152085894,152103627,149889520,149887529,150727341,152174446
149031321,151328081,151616475,152042737,152162397,152010622,150408913,149147080,151791025
151004981,151237181,151810992,150117501,151239345,141092460,151563590,152168769,151436697
149300855,151982057,151616450,149348463,152063650,151530804,151775762,150494772,151941298
149031261,151843518,151616490,150999649,152104225,45409045,152193336,150494665,151941309
148794719,148646744,151810977,150631322,152103721,151426885,151832756,150564358,152174449
151824843,149006586,151875148,152192368,152104460,152022344,149390179,152121263,151755038
152152851,152125600,151810970,152100085,152103707,151903084,151791058,150494634,150415529
145609912,151605091,151810953,152192606,152143321,151989377,151817328,150494607,150966718
151005044,151990119,151616493,150738923,152104743,151989320,151791182,150494763,151941329
150910021,152204037,151610419,148791374,151117706,151996696,151431331,152122727,151572483
151005116,151903867,151951787,150829251,150365537,152002676,151235305,150197629,151064452
149031279,139378032,152114401,150619709,151118033,152068886,148748835,151066861,150966794
150459322,151726785,151610083,152192027,151117808,151213883,151906989,149913827,151064447
151005216,152130854,152094211,150654156,151117820,151346083,151616633,151352936,151743699
151005085,145970096,136838562,150999795,150460923,151978348,151116236,151352448,152088942
150679023,150976210,151610165,151233694,152198300,149641627,151906984,150799636,151186808
150678964,138287009,151609986,148539677,152124853,152002838,152135218,152063503,152088904
149976459,150892624,152187203,147438902,149786462,137325704,151522292,50801483,151523124
151977301,148456298,148288223,151521720,12013399,152142519,151930807,151887219,150158996
151261215,151982671,151359823,148757287,148356527,151346079,149529623,150896959,151169280
151894585,150692460,151875176,151406606,151825967,152194009,151636281,152153130,150835717
151575879,148985302,151875136,152100067,152103863,152018195,151728886,149147065,150859901
149031259,152069016,151811103,151463618,152103560,152054569,151728507,151490145,148281778
150346368,151546542,152126685,151976834,152104082,152018184,151728744,150951435,148281793
151575167,151893649,152126677,152063110,152103815,152054577,151728533,152200185,149554284
151004941,151351513,152126692,150304587,151281232,152054575,151728769,151427524,152174444
149031296,151351514,152126691,150999581,152103592,150615513,151728896,151626708,148281795
151636041,43369704,152126688,152085894,152103627,149889520,149887529,150727341,152174446
149031321,151328081,151616475,152042737,152162397,152010622,150408913,149147080,151791025
151004981,151237181,151810992,150117501,151239345,141092460,151563590,152168769,151436697
149300855,151982057,151616450,149348463,152063650,151530804,151775762,150494772,151941298
149031261,151843518,151616490,150999649,152104225,45409045,152193336,150494665,151941309
148794719,148646744,151810977,150631322,152103721,151426885,151832756,150564358,152174449
151824843,149006586,151875148,152192368,152104460,152022344,149390179,152121263,151755038
152152851,152125600,151810970,152100085,152103707,151903084,151791058,150494634,150415529
145609912,151605091,151810953,152192606,152143321,151989377,151817328,150494607,150966718
151005044,151990119,151616493,150738923,152104743,151989320,151791182,150494763,151941329
150910021,152204037,151610419,148791374,151117706,151996696,151431331,152122727,151572483
151005116,151903867,151951787,150829251,150365537,152002676,151235305,150197629,151064452
149031279,139378032,152114401,150619709,151118033,152068886,148748835,151066861,150966794
150459322,151726785,151610083,152192027,151117808,151213883,151906989,149913827,151064447
151005216,152130854,152094211,150654156,151117820,151346083,151616633,151352936,151743699
151005085,145970096,136838562,150999795,150460923,151978348,151116236,151352448,152088942
150679023,150976210,151610165,151233694,152198300,149641627,151906984,150799636,151186808
150678964,138287009,151609986,148539677,152124853,152002838,152135218,152063503,152088904
150882677,151482273,151745792,151490142,147840307,151522613,150724940,151521953,149131324
150070659,150616020,149552321,39672461,151532514,150105903,151522516,145982325,152163502
151238443,152096085,151860244,151932143,152182899,150263847,150122095,149246744,151570325
151894585,150692460,151875176,151406606,151825967,152194009,151636281,152153130,150835717
151575879,148985302,151875136,152100067,152103863,152018195,151728886,149147065,150859901
149031259,152069016,151811103,151463618,152103560,152054569,151728507,151490145,148281778
150346368,151546542,152126685,151976834,152104082,152018184,151728744,150951435,148281793
151575167,151893649,152126677,152063110,152103815,152054577,151728533,152200185,149554284
151004941,151351513,152126692,150304587,151281232,152054575,151728769,151427524,152174444
149031296,151351514,152126691,150999581,152103592,150615513,151728896,151626708,148281795
151636041,43369704,152126688,152085894,152103627,149889520,149887529,150727341,152174446
149031321,151328081,151616475,152042737,152162397,152010622,150408913,149147080,151791025
151004981,151237181,151810992,150117501,151239345,141092460,151563590,152168769,151436697
149300855,151982057,151616450,149348463,152063650,151530804,151775762,150494772,151941298
149031261,151843518,151616490,150999649,152104225,45409045,152193336,150494665,151941309
148794719,148646744,151810977,150631322,152103721,151426885,151832756,150564358,152174449
151824843,149006586,151875148,152192368,152104460,152022344,149390179,152121263,151755038
152152851,152125600,151810970,152100085,152103707,151903084,151791058,150494634,150415529
145609912,151605091,151810953,152192606,152143321,151989377,151817328,150494607,150966718
151005044,151990119,151616493,150738923,152104743,151989320,151791182,150494763,151941329
150910021,152204037,151610419,148791374,151117706,151996696,151431331,152122727,151572483
151005116,151903867,151951787,150829251,150365537,152002676,151235305,150197629,151064452
149031279,139378032,152114401,150619709,151118033,152068886,148748835,151066861,150966794
150459322,151726785,151610083,152192027,151117808,151213883,151906989,149913827,151064447
151005216,152130854,152094211,150654156,151117820,151346083,151616633,151352936,151743699
151005085,145970096,136838562,150999795,150460923,151978348,151116236,151352448,152088942
150679023,150976210,151610165,151233694,152198300,149641627,151906984,150799636,151186808
150678964,138287009,151609986,148539677,152124853,152002838,152135218,152063503,152088904
150588057,151544708,151610252,151003244,151348767,150994223,149630603,151850843,149670255
151610636,150758830,150468529,149816271,47772917,151661776,151521801,151248224,152163498
149670312,152033615,150468581,50326138,151521201,151120295,151936920,151891561,147830833
151894585,150692460,151875176,151406606,151825967,152194009,151636281,152153130,150835717
151575879,148985302,151875136,152100067,152103863,152018195,151728886,149147065,150859901
149031259,152069016,151811103,151463618,152103560,152054569,151728507,151490145,148281778
150346368,151546542,152126685,151976834,152104082,152018184,151728744,150951435,148281793
151575167,151893649,152126677,152063110,152103815,152054577,151728533,152200185,149554284
151004941,151351513,152126692,150304587,151281232,152054575,151728769,151427524,152174444
149031296,151351514,152126691,150999581,152103592,150615513,151728896,151626708,148281795
151636041,43369704,152126688,152085894,152103627,149889520,149887529,150727341,152174446
149031321,151328081,151616475,152042737,152162397,152010622,150408913,149147080,151791025
151004981,151237181,151810992,150117501,151239345,141092460,151563590,152168769,151436697
149300855,151982057,151616450,149348463,152063650,151530804,151775762,150494772,151941298
149031261,151843518,151616490,150999649,152104225,45409045,152193336,150494665,151941309
148794719,148646744,151810977,150631322,152103721,151426885,151832756,150564358,152174449
151824843,149006586,151875148,152192368,152104460,152022344,149390179,152121263,151755038
152152851,152125600,151810970,152100085,152103707,151903084,151791058,150494634,150415529
145609912,151605091,151810953,152192606,152143321,151989377,151817328,150494607,150966718
151005044,151990119,151616493,150738923,152104743,151989320,151791182,150494763,151941329
150910021,152204037,151610419,148791374,151117706,151996696,151431331,152122727,151572483
151005116,151903867,151951787,150829251,150365537,152002676,151235305,150197629,151064452
149031279,139378032,152114401,150619709,151118033,152068886,148748835,151066861,150966794
150459322,151726785,151610083,152192027,151117808,151213883,151906989,149913827,151064447
151005216,152130854,152094211,150654156,151117820,151346083,151616633,151352936,151743699
151005085,145970096,136838562,150999795,150460923,151978348,151116236,151352448,152088942
150679023,150976210,151610165,151233694,152198300,149641627,151906984,150799636,151186808
150678964,138287009,151609986,148539677,152124853,152002838,152135218,152063503,152088904
152141970,33385750,151179122,151591660,151521444,148134711,152200335,150810807,151720911
150795715,152178369,151891246,149609045,151210224,150409786,151521053,151521278,149874286
151238443,147627339,152092788,149749570,149309731,152021012,151521830,150227447,151997958
151894585,150692460,151875176,151406606,151825967,152194009,151636281,152153130,150835717
151575879,148985302,151875136,152100067,152103863,152018195,151728886,149147065,150859901
149031259,152069016,151811103,151463618,152103560,152054569,151728507,151490145,148281778
150346368,151546542,152126685,151976834,152104082,152054577,151728744,150951435,148281793
151575167,151893649,152126677,152063110,152103815,152018184,151728533,152200185,149554284
151004941,151351513,152126692,150304587,151281232,152054575,151728769,151427524,152174444
149031296,151351514,152126691,150999581,152103592,150615513,151728896,151626708,148281795
151636041,43369704,152126688,152085894,152103627,149889520,149887529,150727341,152174446
149031321,151328081,151616475,152042737,152162397,152010622,150408913,149147080,151791025
151004981,151237181,151810992,150117501,151239345,141092460,151563590,152168769,151436697
149300855,151982057,151616450,149348463,152063650,151530804,151775762,150494772,151941298
149031261,151843518,151616490,150999649,152104225,45409045,152193336,150494665,151941309
148794719,148646744,151810977,150631322,152103721,151426885,151832756,150564358,152174449
151824843,149006586,151875148,152192368,152104460,152022344,149390179,152121263,151755038
152152851,152125600,151810970,152100085,152103707,151903084,151791058,150494634,150415529
145609912,151605091,151810953,152192606,152143321,151989377,151817328,150494607,150966718
151005044,151990119,151616493,150738923,152104743,151989320,151791182,150494763,151941329
150910021,152204037,151610419,148791374,151117706,151996696,151431331,152122727,151572483
151005116,151903867,151951787,150829251,150365537,152002676,151235305,150197629,151064452
149031279,139378032,152114401,150619709,151118033,152068886,148748835,151066861,150966794
150459322,151726785,151610083,152192027,151117808,151213883,151906989,149913827,151064447
151005216,152130854,152094211,150654156,151117820,151346083,151616633,151352936,151743699
151005085,145970096,136838562,150999795,150460923,151978348,151116236,151352448,152088942
150679023,150976210,151610165,151233694,152198300,149641627,151906984,150799636,151186808
150678964,138287009,151609986,148539677,152124853,152002838,152135218,152063503,152088904
45071837,151522273,150723973,151929672,151410129,151507218,149510949,151636613,152207789
150070659,49396286,148622262,151521375,150188034,152018417,151522513,151803395,150738618
150725645,151882822,151128702,150009525,151415512,152045787,151728282,152035887,152022610
151894585,150692460,151875176,151406606,151825967,152194009,151636281,152153130,150835717
151575879,148985302,151875136,152100067,152103863,152018195,151728886,149147065,150859901
149031259,152069016,151811103,151463618,152103560,152054569,151728507,151490145,148281778
150346368,151546542,152126685,151976834,152104082,152054577,151728744,150951435,148281793
151575167,151893649,152126677,152063110,152103815,152018184,151728533,152200185,149554284
151004941,151351513,152126692,150304587,151281232,152054575,151728769,151427524,152174444
149031296,151351514,152126691,150999581,152103592,150615513,151728896,151626708,148281795
151636041,43369704,152126688,152085894,152103627,149889520,149887529,150727341,152174446
149031321,151328081,151616475,152042737,152162397,152010622,150408913,149147080,151791025
151004981,151237181,151810992,150117501,151239345,141092460,151563590,152168769,151436697
149300855,151982057,151616450,149348463,152063650,151530804,151775762,150494772,151941298
149031261,151843518,151616490,150999649,152104225,45409045,152193336,150494665,151941309
148794719,148646744,151810977,150631322,152103721,151426885,151832756,150564358,152174449
151824843,149006586,151875148,152192368,152104460,152022344,149390179,152121263,151755038
152152851,152125600,151810970,152100085,152103707,151903084,151791058,150494634,150415529
145609912,151605091,151810953,152192606,152143321,151989377,151817328,150494607,150966718
151005044,151990119,151616493,150738923,152104743,151989320,151791182,150494763,151941329
150910021,152204037,151610419,148791374,151117706,151996696,151431331,152122727,151572483
151005116,151903867,151951787,150829251,150365537,152002676,151235305,150197629,151064452
149031279,139378032,152114401,150619709,151118033,152068886,148748835,151066861,150966794
150459322,151726785,151610083,152192027,151117808,151213883,151906989,149913827,151064447
151005216,152130854,152094211,150654156,151117820,151346083,151616633,151352936,151743699
151005085,145970096,136838562,150999795,150460923,151978348,151116236,151352448,152088942
150679023,150976210,151610165,151233694,152198300,149641627,151906984,150799636,151186808
150678964,138287009,151609986,148539677,152124853,152002838,152135218,152063503,152088904
